,Title,Published_date,Views,Likes,Favourite,Comments,Month
0,Introduction to Transformers | Transformers Part 1,2024-01-28,4612,433,0,74,Jan
1,How to Overcome the Fear of Maths in Data Science? | Maths Roadmap for Machine Learning,2024-01-23,11696,742,0,93,Jan
2,Bahdanau Attention Vs Luong Attention,2024-01-17,6143,239,0,57,Jan
3,What is MLOps? | MLOps Explained in Hindi | End to End Explanation with Example,2024-01-11,12711,912,0,117,Jan
4,Why Should You Learn MLOps in 2024? | Software Systems Vs ML Systems | MLOPs Roadmap,2023-12-31,24218,1356,0,145,Dec
5,Data Science Roadmap for 2024 | 5 Levels | End-to-End Data Science Roadmap,2023-12-27,32320,1737,0,138,Dec
6,Attention Mechanism in 1 video | Seq2Seq Networks | Encoder Decoder Architecture,2023-12-21,7724,369,0,89,Dec
7,DBSCAN Clustering Algorithms | Density Based Clustering | How DBSCAN Works | CampusX,2023-12-17,5453,240,0,45,Dec
8,Encoder Decoder | Sequence-to-Sequence Architecture | Deep Learning | CampusX,2023-12-10,10271,479,0,80,Dec
9,Top 3 MLOps Resources #mlops #machinelearning #deeplearning,2023-12-06,25048,3153,0,26,Dec
10,Why you should read Research Papers in ML & DL? #machinelearning #deeplearning,2023-12-04,16978,1993,0,47,Dec
11,The Maths Behind XGBoost | Machine Learning | CampusX,2023-12-02,4852,209,0,32,Dec
12,The Epic History of Large Language Models (LLMs) | From LSTMs to ChatGPT | CampusX,2023-11-22,24375,1264,0,208,Nov
13,XGBoost For Classification | How XGBoost works on Classification Problems | CampusX,2023-11-12,5184,187,0,31,Nov
14,DSMP 2.0 Doubt Clearing Session | YouTube Live | Register Now,2023-11-07,9309,374,0,53,Nov
15,CampusX Data Science Mentorship Program 2.0 | Course Launch | Register Now!,2023-11-04,27656,1076,0,225,Nov
16,My Favorite Data Science Resources | My most used resources to learn Data Science | CampusX,2023-10-30,52139,2848,0,141,Oct
17,Bidirectional RNN | BiLSTM | Bidirectional LSTM | Bidirectional GRU,2023-10-27,6515,323,0,51,Oct
18,XGBoost for Regression | XGBoost Part 2 | CampusX,2023-10-24,5735,244,0,32,Oct
19,Deep RNNs | Stacked RNNs | Stacked LSTMs | Stacked GRUs | CampusX,2023-10-18,5754,296,0,40,Oct
20,Introduction to XGBOOST | Machine Learning | CampusX,2023-10-14,17265,640,0,56,Oct
21,Gated Recurrent Unit | Deep Learning | GRU | CampusX,2023-10-05,10099,586,0,60,Oct
22,CampusX DSMP 1.0 Course Review | Student Feedback,2023-09-30,12635,748,0,260,Sep
23,LSTM | Part 3 | Next Word Predictor Using | CampusX,2023-09-12,16593,615,0,64,Sep
24,LSTM Architecture | Part 2 | The How? | CampusX,2023-08-30,16074,784,0,127,Aug
25,LSTM | Long Short Term Memory | Part 1 | The What? | CampusX,2023-08-21,23552,1237,0,195,Aug
26,Gradient Boosting for Classification | Geometric Intuition | CampusX,2023-08-08,11998,368,0,46,Aug
27,Explore my Data Science Bookshelf | Must-Haves & Favorites | CampusX,2023-07-25,20025,1045,0,108,Jul
28,100K Special | My YouTube Journey | Huge Discount on DSMP,2023-07-18,12745,1421,0,614,Jul
29,Will Artificial Intelligence Take Your Job?| Will Your Job Survive? | Dangers of AI | CampusX,2023-07-11,10462,769,0,112,Jul
30,Probability vs Likelihood | Machine Learning Interview Question,2023-07-05,5167,202,0,18,Jul
31,Is Learning AI and Machine Learning Worth It? | My Simple Advice | CampusX,2023-07-02,20408,1096,0,98,Jul
32,Linear Algebra Roadmap for Machine Learning and Deep Learning | Complete Guide | CampusX,2023-06-29,11301,446,0,38,Jun
33,Statistics Roadmap for Data Science and Data Analysis | Complete Guide |  Full Resources | CampusX,2023-06-25,47916,1855,0,126,Jun
34,Mastering Probability for ML: Joint | Marginal | Conditional Probability and Bayes' Theorem,2023-06-23,8947,235,0,46,Jun
35,Master Probability in Data Science: The Ultimate Crash Course! | Part 1 | CampusX,2023-06-20,17302,470,0,45,Jun
36,ROC Curve in Machine Learning | ROC-AUC in Machine Learning Simplified | CampusX,2023-06-07,14788,562,0,56,Jun
37,What is Reducible Vs Irreducible Error in Machine Learning | Important Interview Question | CampusX,2023-05-26,6421,325,0,39,May
38,What is K Nearest Neighbors? | KNN Explained in Hindi | Simple Overview in 1 Video | CampusX,2023-05-23,22495,663,0,35,May
39,How to Showcase Relevant Experience as a Fresher in Data Science |  Pro Tips for Your Resume!,2023-05-19,9544,549,0,32,May
40,Session 55 - Feature Selection Part 2 | Wrapper Methods  | DSMP 2023,2023-05-14,9087,201,0,29,May
41,Session 54 - Feature Selection Part 1 | Filter Methods | Variance Threshold | Chi-Square | DSMP 2023,2023-05-11,16070,373,0,21,May
42,Session 53 - Session on Multicollinearity | DSMP 2023,2023-05-08,6965,245,0,21,May
43,DSMP 2023 May Schedule | CampusX Data Science Mentorship Program,2023-05-01,6866,162,0,41,May
44,Level Up Your Data Science Skills with ChatGPT | Unlock the Secrets of AI-Assisted Learning,2023-04-20,19823,888,0,51,Apr
45,Session 50 - Multiple Linear Regression | DSMP 2023,2023-04-20,11020,279,0,11,Apr
46,Simple Linear Regression | Lecture 49 | DSMP 2023,2023-04-18,20658,451,0,39,Apr
47,Introduction to Machine Learning,2023-04-17,19089,548,0,24,Apr
48,Supercharge Your ML Journey: Mastering Vectors in Linear Algebra - Part 1,2023-04-12,19276,575,0,67,Apr
49,Session 46 - Hypothesis Testing Part 2 | p-values | t-tests | DSMP 2023,2023-04-06,19588,401,0,29,Apr
50,Session 45 - Hypothesis Testing Part 1 | DSMP 2023,2023-04-05,26262,624,0,33,Apr
51,April Schedule | CampusX Data Science Mentorship Program 2023,2023-04-03,8674,301,0,70,Apr
52,Session 44 - Confidence Intervals | DSMP 2023,2023-03-31,17147,450,0,33,Mar
53,Session 43 - Central Limit Theorem | DSMP 2023,2023-03-29,16929,506,0,24,Mar
54,Session 42 - Non-Gaussian Probability Distributions | DSMP 2023,2023-03-24,18082,373,0,33,Mar
55,Session 41 - Normal Distribution | DSMP 2023,2023-03-21,21399,537,0,32,Mar
56,"Session 40 - Probability Distribution Functions - PDF, PMF & CDF | DSMP 2023",2023-03-16,33624,700,0,50,Mar
57,Session 39 - Descriptive Statistics Part 2 | DSMP 2023,2023-03-13,27761,714,0,28,Mar
58,Session 38 - Descriptive Statistics Part 1 | DSMP 2023,2023-03-10,48567,1093,0,74,Mar
59,CampusX DSMP March Schedule | Dher Sara Statistics!!!,2023-03-05,8273,306,0,60,Mar
60,Session 37 (Cont..) - Window Functions Part 3 | SQL Tutorial,2023-03-02,8184,232,0,17,Mar
61,Session 37 - Window Functions Part 2 | SQL Tutorials,2023-03-01,11033,300,0,23,Mar
62,Session 36 - Window Functions in SQL | DSMP 2023,2023-02-28,30604,741,0,48,Feb
63,Session 35 - Subqueries in SQL | DSMP 2023,2023-02-23,23021,551,0,42,Feb
64,Session 34 - SQL Joins| DSMP 2023,2023-02-20,21055,488,0,18,Feb
65,Session 33 - SQL Grouping + Sorting | DSMP 2023,2023-02-15,18852,435,0,25,Feb
66,Session 32 - SQL DML Commands | DSMP 2023,2023-02-14,21328,425,0,19,Feb
67,Session 31 - SQL DDL Commands | DSMP 2023,2023-02-08,25520,549,0,32,Feb
68,Session 30 - Database Fundamentals | DSMP 2022-23,2023-02-06,26333,685,0,33,Feb
69,Session 29 - Exploratory Data Analysis | Data Analysis Process | DSMP 2022-23,2023-02-01,28483,688,0,23,Feb
70,Build a Data Scientist's Dream LinkedIn Profile with ChatGPT,2023-01-31,27508,1079,0,51,Jan
71,Month of SQL | CampusX DSMP 2023 | Feb Schedule,2023-01-31,8420,276,0,54,Jan
72,Session 28 - Data Assessing and Cleaning | DSMP 2022-23,2023-01-25,18525,510,0,23,Jan
73,Session 27 - Data Gathering | Data Analysis Process | DSMP 2023,2023-01-23,21684,502,0,55,Jan
74,Session 26 - Plotting using Seaborn Part 2 | DSMP 2022-23,2023-01-20,9922,282,0,10,Jan
75,Data Structures and Algorithms using Python | Mega Video | DSA in Python in 1 video,2023-01-17,429077,13945,0,465,Jan
76,Session 25 - Plotting using Seaborn | DSMP 2022-23,2023-01-16,16432,403,0,20,Jan
77,Session 24 - Advanced Matplotlib | DSMP 2022-23,2023-01-11,18048,448,0,14,Jan
78,How to master programming as a beginner | A complete guide for non-techies,2023-01-10,5414,288,0,37,Jan
79,Session 23 - Plotting using Matplotlib | DSMP 2022-23,2023-01-09,24972,622,0,14,Jan
80,Talking Data Science with Pranjal Yadav | Staff Data Scientist Razorpay,2023-01-08,11766,508,0,42,Jan
81,Session 22 - Vectorized String Operations | DateTime in Pandas | Pivot Table | DSMP 2022-23,2023-01-05,12580,334,0,15,Jan
82,Session 21 - MultiIndex Series and DataFrames | DSMP 2022-23,2023-01-03,12079,342,0,17,Jan
83,CampusX DSMP 2023 January Schedule,2023-01-02,7189,239,0,79,Jan
84,"Session 20 - Merging, Joining & Concatenating | DSMP 2022-23",2022-12-21,15576,380,0,24,Dec
85,Session 19 - GroupBy Object in Pandas | Data Science Mentorship Program (DSMP) 2022-23,2022-12-20,21995,498,0,19,Dec
86,Problems with RNN | 100 Days of Deep Learning,2022-12-19,14202,543,0,137,Dec
87,Session 18 - Important DataFrame Methods | Data Science Mentorship Program (DSMP) 2022-23,2022-12-15,20542,500,0,10,Dec
88,Session 17 - Pandas DataFrame | Data Science Mentorship Program (DSMP) 2022-23 | Free Session,2022-12-14,25966,580,0,23,Dec
89,Important Series Methods | Supplementary Session | DSMP 2022-23,2022-12-14,9424,353,0,19,Dec
90,Session 16 - Pandas Series| Data Science Mentorship Program (DSMP) 2022-23 | Free Session,2022-12-13,30866,763,0,39,Dec
91,Session 15 - Numpy Tricks | Data Science Mentorship Program (DSMP) 2022-23 | Free Session,2022-12-08,18323,464,0,30,Dec
92,Session 14 - Advanced Numpy | Data Science Mentorship Program (DSMP) 2022-23 | Free Session,2022-12-08,25313,642,0,30,Dec
93,Feedback Form for November | Data Science Mentorship Program(DSMP) 2022-23,2022-12-07,2244,61,0,14,Dec
94,Session 13 - Numpy Fundamentals | Data Science Mentorship Program (DSMP) 2022-23 | Free Session,2022-12-06,43215,1021,0,50,Dec
95,Resume Building for Data Scientist | Career Pe Charcha | DSMP 2022-23,2022-12-05,17998,820,0,25,Dec
96,How Backpropagation works in RNN | Backpropagation Through Time,2022-12-01,15327,637,0,66,Dec
97,Schedule for December + Program Improvements | CampusX Data Science Mentorship Program (DSMP 2022),2022-12-01,6590,219,0,76,Dec
98,Session 12 - Decorators & Namespaces | DSMP 2022 - 23,2022-12-01,15757,443,0,28,Dec
99,Session 11 - Exception Handling & Modules and Packages | DSMP 2022 - 23,2022-11-30,16275,737,0,30,Nov
100,Session 10 - File Handling + Serialization & Deserialization | DSMP 2022 - 23,2022-11-28,21444,597,0,29,Nov
101,What is Abstraction | OOP Concept | Python,2022-11-26,13212,378,0,20,Nov
102,New Website Launch | DSMP 2022-23,2022-11-25,7532,225,0,59,Nov
103,OOP Part 3 | Inheritance & Polymorphism | Static | Data Science Mentorship Program(DSMP) 2022-23,2022-11-24,30291,729,0,50,Nov
104,OOP Part 2 | Encapsulation & Static Keyword | Static | Data Science Mentorship Program(DSMP) 2022-23,2022-11-23,38402,912,0,76,Nov
105,OOP Part 1 | Class & Object | Data Science Mentorship Program(DSMP) 2022-23,2022-11-21,61909,1909,0,112,Nov
106,Interview with Shyam | Fresher Data Scientist | 11+ LPA,2022-11-21,29887,1204,0,48,Nov
107,Types of RNN | Many to Many | One to Many | Many to One RNNs,2022-11-17,13505,617,0,36,Nov
108,Session 6 - Functions in Python | Data Science Mentorship Program(DSMP) 2022-23,2022-11-16,38742,907,0,58,Nov
109,Session 5 - Tuples + Sets + Dictionary | Data Science Mentorship Program(DSMP) 2022-23,2022-11-15,25893,716,0,26,Nov
110,Session 4 - Lists in Python | Data Science Mentorship Program(DSMP) 2022-23,2022-11-14,30902,631,0,22,Nov
111,How to Build a Portfolio Website for Data Science,2022-11-10,27624,960,0,54,Nov
112,Programming Problems on Strings | Session 3 Supplementary Session,2022-11-10,17155,356,0,33,Nov
113,Session 3 - Python Strings  | CampusX Data Science Mentorship Program | 9th Nov 2022,2022-11-09,42889,724,0,30,Nov
114,RNN Sentiment Analysis | RNN Code Example in Keras | CampusX,2022-11-09,25238,819,0,63,Nov
115,Session 2 - Operators + If-Else + Loops  | CampusX Data Science Mentorship Program | 8th Nov 2022,2022-11-08,51233,927,0,45,Nov
116,Session 1 - Python Fundamentals | CampusX Data Science Mentorship Program | 7th Nov 2022,2022-11-07,119925,1925,0,102,Nov
117,CampusX Data Science Mentorship Program Orientation Session,2022-11-03,8648,411,0,40,Nov
118,Recurrent Neural Network | Forward Propagation | Architecture,2022-10-29,30747,1101,0,93,Oct
119,CampusX Data Science Mentorship Program Live QnA,2022-10-26,10154,497,0,44,Oct
120,Why RNNs are needed | RNNs Vs ANNs | RNN Part 1,2022-10-23,22608,855,0,66,Oct
121,Top 10 Computer Vision Projects | Best Computer Vision Projects using OpenCV & CNN,2022-10-17,17216,613,0,36,Oct
122,Keras Functional Model | How to build non-linear Neural Networks?,2022-10-14,12491,625,0,37,Oct
123,What is Transfer Learning? Transfer Learning in Keras | Fine Tuning Vs Feature Extraction,2022-10-10,40566,1485,0,114,Oct
124,What does a CNN see? | Visualizing CNN Filters and Feature Maps | CampusX,2022-10-06,14837,726,0,35,Oct
125,Pretrained models in CNN | ImageNET Dataset | ILSVRC | Keras Code,2022-10-03,22163,822,0,64,Oct
126,Top 3 books for Machine Learning,2022-09-24,54474,4297,0,34,Sep
127,Is DSA Required to learn Data Science?,2022-09-23,59915,3929,0,66,Sep
128,Data Augmentation in Deep Learning | CNN,2022-09-21,23294,847,0,60,Sep
129,Cat Vs Dog Image Classification Project | Deep Learning Project | CNN Project,2022-09-19,97485,1987,0,145,Sep
130,"CNN Backpropagation Part 2 | How Backpropagation works on Convolution, Maxpooling and Flatten Layers",2022-09-15,12272,825,0,57,Sep
131,Why You Need To learn AI And Machine Learning Right Now?,2022-09-13,39047,2029,0,198,Sep
132,Backpropagation in CNN | Part 1 | Deep Learning,2022-09-10,19286,1186,0,55,Sep
133,Comparing CNN Vs ANN  | CampusX,2022-09-08,17012,861,0,60,Sep
134,Software Engineer to  Data Scientist | TheMathCompany | 10+ LPA Package,2022-09-06,9253,377,0,28,Sep
135,CNN Architecture | LeNet -5 Architecture,2022-09-04,26644,990,0,41,Sep
136,Pooling Layer in CNN | MaxPooling in Convolutional Neural Network,2022-09-02,24336,1096,0,40,Sep
137,Should I Start A Mentorship Program | Need Suggestions,2022-08-31,3256,350,0,197,Aug
138,How to learn difficult Data Science concepts | My Learning Method,2022-08-29,8931,671,0,44,Aug
139,Padding & Strides in CNN | CNN Lecture 4 | Deep Learning,2022-08-27,21673,974,0,40,Aug
140,Google SQL Interview Question | User Session Histogram,2022-08-25,11072,526,0,28,Aug
141,CNN Part 3 | Convolution Operation,2022-08-23,24213,1140,0,57,Aug
142,Data Science QnA | 21 August 2022,2022-08-21,5811,446,0,25,Aug
143,CNN Vs Visual Cortex | The Famous Cat Experiment | History of CNN,2022-08-19,17240,888,0,31,Aug
144,What is Convolutional Neural Network (CNN) | CNN Intution,2022-08-17,39537,1476,0,63,Aug
145,Keras Tuner | Hyperparameter Tuning a Neural Network,2022-08-11,20881,837,0,70,Aug
146,How I would learn Data Science( If I had to start over! ) | Don't Make these Mistakes in 2024,2022-08-09,36571,2362,0,199,Aug
147,Adam Optimizer Explained in Detail with Animations | Optimizers in Deep Learning Part 5,2022-08-07,27013,771,0,31,Aug
148,RMSProp Explained in Detail with Animations | Optimizers in Deep Learning Part 5,2022-08-05,11554,573,0,17,Aug
149,AdaGrad Explained in Detail with Animations | Optimizers in Deep Learning Part 4,2022-08-03,13181,661,0,40,Aug
150,How to Talk About Previous Data Science Projects in Interviews | Project Based Questions  Interview,2022-08-01,20918,1222,0,41,Aug
151,Design the Best Reward Function | Reinforcement Learning Part-6,2022-07-28,4693,92,0,8,Jul
152,Nesterov Accelerated Gradient (NAG) Explained in Detail | Animations | Optimizers in Deep Learning,2022-07-26,13874,734,0,25,Jul
153,How to Save Yourself from Ed-Tech Scams?,2022-07-24,31105,1558,0,487,Jul
154,Deep Learning meets Reinforcement Learning | Reinforcement Learning Part-5,2022-07-22,1777,36,0,6,Jul
155,SGD with Momentum Explained in Detail with Animations | Optimizers in Deep Learning Part 2,2022-07-20,17457,1050,0,51,Jul
156,Exponentially Weighted Moving Average or Exponential Weighted Average | Deep Learning,2022-07-18,17137,777,0,43,Jul
157,Introducing Neural Networks into RL | Reinforcement Learning Part-4,2022-07-16,1881,45,0,3,Jul
158,Fresher Success Story | Data Analyst at Tiger Analytics | Cracked Fractal Analytics,2022-07-14,15457,503,0,36,Jul
159,How to  train our first Reinforcement Learning agent! | Reinforcement Learning Part-3,2022-07-12,2947,74,0,10,Jul
160,How do RL agents really learn? | Reinforcement Learning Part-2,2022-07-08,3858,85,0,11,Jul
161,Optimizers in Deep Learning | Part 1 | Complete Deep Learning Course,2022-07-06,25884,928,0,43,Jul
162,What is Reinforcement Learning? | Reinforcement Learning Part-1 in Hindi | CampusX,2022-07-04,9314,215,0,21,Jul
163,Batch Normalization in Deep Learning | Batch Learning in Keras,2022-07-01,25929,1090,0,68,Jul
164,Why Multicollinearity is Bad? What is Multicollinearity? How to detect and remove Multicollinearity,2022-06-29,10753,557,0,35,Jun
165,What is Online Machine Learning? How is it different from Offline ML? List some of itâ€™s applications,2022-06-29,3250,95,0,4,Jun
166,Difference between convex & non-convex cost function; what happens when cost function is non-convex?,2022-06-29,5067,137,0,9,Jun
167,Give an example of when False positive is more crucial than false negative and vice versa,2022-06-29,3526,109,0,5,Jun
168,Why KNN is known as a lazy learning technique?,2022-06-29,4829,109,0,12,Jun
169,How do you decide when to use deep learning or machine learning for a project?,2022-06-29,3877,133,0,8,Jun
170,What are the main differences between Structured and Unstructured Data?,2022-06-29,2414,81,0,1,Jun
171,What are the main differences between Bagging and Boosting?,2022-06-29,2288,83,0,4,Jun
172,"Imagine you are working with a laptop of 2GB RAM, how would you process a dataset of 10GB? | OOC ML",2022-06-29,4649,236,0,15,Jun
173,Give an example where the median is a better measure than the mean.,2022-06-29,2166,70,0,5,Jun
174,What do you mean by the unreasonable effectiveness of data?,2022-06-29,1954,46,0,1,Jun
175,What do you mean by semi supervised learning? | Interview Question,2022-06-29,8625,171,0,3,Jun
176,What is No Free Lunch Theorem in Machine Learning? | Interview Question,2022-06-29,2658,71,0,1,Jun
177,Why is 'NaÃ¯ve' Bayes naÃ¯ve? | Interview Question,2022-06-29,3168,103,0,4,Jun
178,What is an OOB error and how is it useful? | Interview Question,2022-06-29,2473,57,0,4,Jun
179,Why Logistic Regression is called Regression? | ML Interview Question,2022-06-29,3600,115,0,2,Jun
180,In what scenario decision tree should be preferred over random forest? | ML Interview Question,2022-06-29,2405,66,0,2,Jun
181,What is the difference between Parametric & Non-Parametric ML Algorithms?,2022-06-29,11875,331,0,16,Jun
182,Good College Vs Bad College | Choro Kaam Ki Baatein,2022-06-27,2712,256,0,32,Jun
183,Xavier/Glorat And He Weight Initialization in Deep Learning,2022-06-25,11693,701,0,24,Jun
184,Weight Initialization Techniques | What not to do? | Deep Learning,2022-06-23,16192,795,0,51,Jun
185,What are the main Assumptions of Linear Regression? | Top 5 Assumptions of Linear Regression,2022-06-20,30239,1380,0,81,Jun
186,100 Most Common Interview Questions on Machine Learning | With Solutions,2022-06-17,21046,748,0,38,Jun
187,Best Service Based Company In Data Science | Product Vs Service Based Company | Salary Details,2022-06-15,12986,841,0,61,Jun
188,Relu Variants Explained | Leaky Relu | Parametric Relu | Elu | Selu | Activation Functions Part 2,2022-06-09,14857,710,0,32,Jun
189,Data Science Interview Preparation Part 1 | Types of Questions Asked | CampusX Live,2022-06-08,14131,672,0,26,Jun
190,100 Python Problems with Solutions for Beginners | Most Common Python Programs for Practice,2022-06-05,48806,1730,0,77,Jun
191,How Uber uses Machine Learning | Uber Machine Learning Case Study,2022-06-03,9842,564,0,55,Jun
192,"Activation Functions in Deep Learning | Sigmoid, Tanh and Relu Activation Function",2022-06-01,31014,1113,0,43,Jun
193,Breed | Episode 2 | Choro Kaam Ki Baatien,2022-05-30,4643,496,0,100,May
194,Book Recommender System | Machine Learning Project | Collaborative Filtering Based Recommender,2022-05-27,188863,3746,0,274,May
195,News Application in Python | Inshorts Clone using Python | GUI + OOP + API Tutorial in Python,2022-05-24,16214,503,0,63,May
196,How Swiggy uses Machine Learning | Case Study | CampusX,2022-05-21,19537,1308,0,193,May
197,Regularization in Deep Learning | L2 Regularization in ANN | L1 Regularization | Weight Decay in ANN,2022-05-20,23740,952,0,38,May
198,Calculator GUI Application using Python | Tkinter Tutorial | Python Mini Project,2022-05-18,17224,408,0,20,May
199,SQL Case  Study | Swiggy Case Study | CampusX Live,2022-05-18,42836,1385,0,72,May
200,Wallpaper Viewer Application using Python | Tkinter GUI Tutorial | Mini Project,2022-05-16,7500,215,0,21,May
201,Build GUIs Using Python | Python Tkinter in 30 mins | Login App GUI,2022-05-16,33334,915,0,44,May
202,Dropout Layers in ANN | Code Example | Regression | Classification,2022-05-15,11267,760,0,22,May
203,F*ck Convention | Choro Kaam Ki Baatein | CampusX Podcast,2022-05-14,6641,755,0,107,May
204,SQL Interview Question Part 2 | CampusX Live,2022-05-14,17572,681,0,28,May
205,Dropout Layer in Deep Learning | Dropouts in ANN | End to End Deep Learning,2022-05-12,17362,914,0,27,May
206,Top 10 most common SQL queries | SQL Interview Questions For Data Science | CampusX Live 1,2022-05-11,46574,1504,0,86,May
207,20K Subscribers Milestone | Channel Updates,2022-05-07,1578,271,0,77,May
208,Data Scaling in Neural Network | Feature Scaling in ANN | End to End Deep Learning Course,2022-05-05,12352,767,0,32,May
209,Early Stopping In Neural Networks | End to End Deep Learning Course,2022-05-02,18350,771,0,41,May
210,How to Improve the Performance of a Neural Network,2022-04-29,16809,1015,0,45,Apr
211,Join My Discord Community | CampusX Discord Community,2022-04-25,3102,235,0,47,Apr
212,Vanishing Gradient Problem in ANN | Exploding Gradient Problem | Code Example,2022-04-17,21243,1000,0,46,Apr
213,Gradient Descent in Neural Networks | Batch vs Stochastics vs Mini Batch Gradient Descent,2022-04-14,27390,1154,0,51,Apr
214,The Story of My YouTube Failure | How I failed on YouTube | An Analytical Study using Python,2022-04-11,6777,717,0,254,Apr
215,MLP Memoization | Complete Deep Learning Playlist,2022-04-09,14088,883,0,52,Apr
216,Can you solve this puzzle?,2022-04-07,2049,144,0,58,Apr
217,Backpropagation Part 3 | The Why | Complete Deep Learning Playlist,2022-04-05,15287,940,0,57,Apr
218,Backpropagation Part 2 | The How | Complete Deep Learning Playlist,2022-04-03,23568,903,0,58,Apr
219,Why I am Quitting YouTube? My last YouTube video...,2022-04-01,11167,834,0,485,Apr
220,Backpropagation in Deep Learning | Part 1 | The What?,2022-03-30,37885,1652,0,99,Mar
221,Data Science Interview Questions | Part 1 | Machine Learning Interview Questions,2022-03-26,41163,1741,0,119,Mar
222,Loss Functions in Deep Learning | Deep Learning | CampusX,2022-03-23,38455,1839,0,79,Mar
223,Generators in Python | Advanced Python Programming,2022-03-15,16070,603,0,42,Mar
224,What is Iterators in Python?,2022-03-13,18809,729,0,51,Mar
225,Graduate Admission Prediction using ANN,2022-03-11,17833,946,0,39,Mar
226,Handwritten Digit Classification using ANN | MNIST Dataset,2022-03-09,34427,1266,0,61,Mar
227,Customer Churn Prediction using ANN | Keras and Tensorflow | Deep Learning Classification,2022-03-07,40212,1616,0,76,Mar
228,Forward Propagation | How a neural network predicts output?,2022-03-05,28613,1593,0,71,Mar
229,MLP Notation,2022-03-03,23532,1533,0,57,Mar
230,Multi Layer Perceptron | MLP Intuition,2022-03-01,33926,2045,0,148,Mar
231,Problem with Perceptron,2022-02-27,18960,1170,0,27,Feb
232,Perceptron Loss Function | Hinge Loss | Binary Cross Entropy | Sigmoid Function,2022-02-25,40587,1668,0,73,Feb
233,Perceptron Trick | How to train a Perceptron | Perceptron Part 2 |  Deep Learning Full Course,2022-02-23,44539,1764,0,100,Feb
234,What is a Perceptron? Perceptron Vs Neuron | Perceptron Geometric Intuition,2022-02-21,55373,3277,0,167,Feb
235,Types of Neural Networks | History of Deep Learning | Applications of Deep Learning,2022-02-19,41948,2773,0,98,Feb
236,What is Deep Learning? Deep Learning Vs Machine Learning | Complete Deep Learning Course,2022-02-17,63541,3928,0,225,Feb
237,100 Days of Deep Learning | Course Announcement,2022-02-15,154127,4163,0,223,Feb
238,Duplicate Question Pairs | Quora Question Pairs | NLP Projects | End to End NLP Project | Heroku,2022-02-12,48351,1241,0,90,Feb
239,Higher Education in Data Science | Should you pursue higher education in Data Science?,2022-02-08,4140,228,0,19,Feb
240,Data Analyst Roadmap | How to become a Data Analyst in 2022?,2022-02-05,24586,1179,0,76,Feb
241,Tips and Tricks to Learn Data Science Faster | How to Learn Data Science Smartly,2022-02-02,15133,1108,0,122,Feb
242,Live QnA Session #2 | Advise from my personal journey into Data Science,2022-01-31,3069,174,0,16,Jan
243,My Top YouTube Channels for ML @bhattbhavesh91 @UnfoldDataScience @codebasics @krishnaik06,2022-01-27,12650,556,0,72,Jan
244,Complete OOP in Python in 1 Video | End to End OOP in Python in 4 hours,2022-01-24,293025,6897,0,461,Jan
245,POS Tagging | Part of Speech Tagging in NLP | Hidden Markov Models in NLP | Viterbi Algorithm in NLP,2022-01-21,34034,1355,0,65,Jan
246,"Lambda Functions in Python | Map, Filter and Reduce | Higher Order Functions in Python",2022-01-18,27248,719,0,24,Jan
247,Machine Learning Roadmap 2022 | How to learn Data Science in 2022,2022-01-15,46552,2219,0,212,Jan
248,Recursion using Python | Recursion with examples | Memoization,2022-01-12,23976,517,0,22,Jan
249,Functions in Python | End to End Video | Complete Video,2022-01-09,31261,737,0,48,Jan
250,Text Classification | NLP Lecture 6 | End to End | Average Word2Vec,2022-01-06,38377,1101,0,62,Jan
251,Python Deep Dive | Mutability | Garbage Collection | Variable Referencing,2022-01-02,18494,393,0,29,Jan
252,Word2vec Complete Tutorial | CBOW and Skip-gram | Game of Thrones Word2vec,2021-12-30,44155,1304,0,111,Dec
253,Python Dictionary | Complete Explanation in Hindi | 100 Days of Python Programming,2021-12-26,12154,239,0,15,Dec
254,Python Sets  | Complete Explanation in Hindi | 100 Days of Python Programming,2021-12-25,10267,248,0,12,Dec
255,Python Tuples | Complete Explanation in Hindi | 100 Days of Python Programming,2021-12-24,11163,239,0,11,Dec
256,Python Lists | Complete Explanation in Hindi |  100 Days of Python Programing,2021-12-23,19381,367,0,23,Dec
257,10K Subs Surprises | Major Announcements | Live Stream #1 | Dec 21 2021,2021-12-22,4774,219,0,28,Dec
258,10K Subscribers Milestone | Thank You All,2021-12-17,925,174,0,100,Dec
259,"Text Representation | NLP Lecture 4 | Bag of Words | Tf-Idf | N-grams, Bi-grams and Uni-grams",2021-12-16,53493,1557,0,107,Dec
260,Text Preprocessing | NLP Course Lecture 3,2021-12-10,66786,1604,0,114,Dec
261,Top 10 Doubts of Data Science Job Aspirants in India,2021-12-06,2664,198,0,23,Dec
262,End to End NLP Pipeline | NLP Pipeline | Lecture 2 NLP Course,2021-12-02,60790,2534,0,129,Dec
263,Top 11 NLP Projects for Portfolio | Best NLP Projects,2021-11-29,60979,1878,0,69,Nov
264,Introduction to NLP | NLP Lecture 1 | End to End NLP Course,2021-11-25,118722,3718,0,173,Nov
265,Complete NLP Roadmap | How to become a NLP Engineer,2021-11-22,24684,1138,0,66,Nov
266,NLP Course Announcement,2021-11-18,3416,436,0,93,Nov
267,Agglomerative Hierarchical Clustering | Python Code Example,2021-11-07,24401,806,0,92,Nov
268,My Favorite Blogs For Data Science | Top 10 Blogs For Data Science,2021-11-05,5676,387,0,18,Nov
269,How To Get Your First Job In Data Science | Why You Are Not Getting A Job In Data Science,2021-11-01,34838,2161,0,95,Nov
270,How To Upload Dataset On Kaggle,2021-10-30,12867,385,0,21,Oct
271,Everything You Need To Know About Kaggle | Kaggle For Beginners,2021-10-28,31416,1294,0,56,Oct
272,Complete SQL Course For Data Science | SQL For Data Science in 6 Hrs,2021-10-26,208782,5343,0,277,Oct
273,Complete SQL Roadmap For Data Science | Free Course and Interview Questions For SQL,2021-10-24,71760,2750,0,107,Oct
274,How To Learn Python For Data Science In 14 Days | Complete Roadmap With  Learning Resources,2021-10-22,36397,1256,0,57,Oct
275,What is Benford's Law | Benford's Law in Data Science,2021-10-20,4783,264,0,24,Oct
276,T20 World Cup Cricket Score Predictor | Machine Learning Project,2021-10-18,25979,466,0,68,Oct
277,T20 World Cup Cricket Score Prediction | Project Demo | Machine Learning Project,2021-10-16,1456,49,0,11,Oct
278,IPL Win Probability Predictor Project | End to End Machine Learning Project,2021-10-14,57384,1307,0,142,Oct
279,IPL Win Probability Predictor Project Demo,2021-10-12,2182,98,0,28,Oct
280,How To Build A Kickass Data Science Portfolio | Portfolio For Data Science,2021-10-10,27234,1331,0,40,Oct
281,Find Similar Game of Thrones Character using Machine Learning | Visualizing High Dimensional Data,2021-10-08,6903,164,0,23,Oct
282,Top 5 Mistakes While Learning Data Science | How Not To Learn Data Science | Practical Tips,2021-10-04,15594,1227,0,104,Oct
283,How Many Subscribers Will I Have By 2025 | Introduction to Time Series Forecasting using Prophet,2021-10-02,10179,551,0,85,Oct
284,Stacking and Blending Ensembles,2021-09-30,14461,537,0,46,Sep
285,My Favorite Data Science Books | Free and Paid Resources,2021-09-28,19322,871,0,46,Sep
286,8 Projects To Get A Data Science Job | Projects for Data Science Portfolio,2021-09-26,109920,4930,0,114,Sep
287,How To Select A Project In Data Science? | 5 Tips To Select Projects In Data Science,2021-09-24,7011,459,0,26,Sep
288,How to become a Rockstar Data Scientist? | 4 Actionable Points,2021-09-22,20165,1358,0,72,Sep
289,Gradient Boosting Regression Part 2 | Mathematics of Gradient Boosting,2021-09-20,17383,536,0,36,Sep
290,Machine Learning Android App | How to convert ML model to an Android App,2021-09-17,73383,1781,0,135,Sep
291,Which Bollywood Celebrity Are You? | End to End Deep Learning Project,2021-09-15,16617,336,0,37,Sep
292,Introduction to Face Detection using MTCNN,2021-09-12,11610,269,0,25,Sep
293,Gradient Boosting Explained | How Gradient Boosting Works?,2021-09-09,37757,1187,0,82,Sep
294,Which Bollywood Celebrity Are You? Project Teaser,2021-09-02,557,52,0,16,Sep
295,Fashion Recommender System | Clothes Recommendation | Ecommerce Project,2021-09-01,83456,1752,0,129,Sep
296,Fashion Recommendation System | Project Teaser,2021-08-31,1987,52,0,20,Aug
297,How To Deploy A Machine Learning Model On AWS EC2 | AUG 2021 Updated | ML Model To Flask Website,2021-08-28,66541,2033,0,106,Aug
298,K-Means Clustering Algorithm in Python | Practical Example | Student Clustering Example | sklearn,2021-08-26,33598,1000,0,27,Aug
299,K-Means Clustering Algorithm From Scratch In Python | ML Algorithms From Scratch,2021-08-25,23010,643,0,21,Aug
300,K-Means Clustering Algorithm | Geometric Intuition | Clustering | Unsupervised Learning,2021-08-24,52490,1596,0,68,Aug
301,How to train a ML model on a dataset with 3 crore rows?,2021-08-20,13621,607,0,23,Aug
302,What is Out-of-core Machine Learning?,2021-08-20,2523,163,0,9,Aug
303,Bagging Vs Boosting | What is the difference between Bagging and Boosting,2021-08-18,22162,720,0,26,Aug
304,AdaBoost Hyperparameters | GridSearchCV in Adaboost,2021-08-17,11583,339,0,15,Aug
305,AdaBoost Algorithm | Code from Scratch,2021-08-16,15595,416,0,28,Aug
306,Laptop Price Predictor | Machine Learning Project,2021-08-12,101187,2307,0,284,Aug
307,Laptop Price Prediction | Project Teaser,2021-08-11,1279,26,0,8,Aug
308,AdaBoost - A Step by Step Explanation,2021-08-10,24220,783,0,27,Aug
309,How Adaboost Classifier Works? | Geometric Intuition,2021-08-09,24554,670,0,15,Aug
310,Posture detection using PoseNet | Machine Learning in Javascript | ml5js PoseNet | Deep Learning,2021-08-05,25235,502,0,34,Aug
311,PoseNet Project Teaser | Detecting Pose using Deep Learning ðŸ˜„ðŸ˜„ðŸ˜„ | Check Description for full project,2021-08-04,1111,68,0,16,Aug
312,Build a Chatbot in 1 hour | Python Chatbot Telegram | DialogFlow Tutorial | Chatbot Tutorial,2021-08-03,53515,1497,0,74,Aug
313,How To Build A Chatbot | Project Teaser Full Video Coming Soon,2021-08-02,633,24,0,6,Aug
314,Learn to build Funny Chatbot | Subscribe,2021-08-02,10004,422,0,24,Aug
315,Feature Importance using Random Forest and Decision Trees | How is Feature Importance calculated,2021-07-30,22813,646,0,24,Jul
316,Software Engineering Vs Data Science | Salary Comparison | Which one should you choose?,2021-07-29,12763,347,0,33,Jul
317,OOB Score | Out of Bag Evaluation in Random Forest | Machine Learning,2021-07-28,12260,390,0,9,Jul
318,Olympics Data Analysis | Data Analysis Project | Machine Learning with Deployment,2021-07-27,64294,1289,0,149,Jul
319,Project Teaser | Olympics Analysis Web Application | Video Dropping on 27th July 2021,2021-07-27,498,21,0,3,Jul
320,Hyperparameter Tuning Random Forest using GridSearchCV and RandomizedSearchCV | Code Example,2021-07-26,22607,594,0,23,Jul
321,Random Forest Hyper-parameters,2021-07-23,17829,498,0,20,Jul
322,Bagging Vs Random Forest | What is the difference between Bagging and Random Forest | Very Important,2021-07-22,15826,545,0,25,Jul
323,How Random Forest Performs So Well? Bias Variance Trade-Off in Random Forest,2021-07-20,15115,456,0,16,Jul
324,Introduction to Random Forest | Intuition behind the Algorithm,2021-07-19,31509,776,0,31,Jul
325,WhatsApp Chat Analysis Project | End to End Project with Heroku Deployment,2021-07-14,119913,2264,0,358,Jul
326,WhatsApp Chat Analysis Project Teaser | Video coming soon,2021-07-14,1647,27,0,5,Jul
327,Introduction to Ensemble Learning | Ensemble Techniques in Machine Learning,2021-07-12,42766,1331,0,49,Jul
328,String Functions in Python | Part 5,2021-07-12,13721,353,0,19,Jul
329,String Operations in Python | Part 4,2021-07-12,10695,219,0,6,Jul
330,Editing and Deleting Strings in Python | Part 3,2021-07-12,9934,224,0,4,Jul
331,Accessing Substrings from a String | Indexing and Slicing in Python Strings | Part 2,2021-07-12,12266,262,0,4,Jul
332,Strings in Python | Part 1,2021-07-12,13455,292,0,9,Jul
333,Email Spam Classifier | SMS Spam Classifier | End to End Project | Heroku Deployment,2021-07-10,210190,3878,0,394,Jul
334,Email Spam Classifier End to End Project Teaser | Full Video coming soon,2021-07-10,338,13,0,2,Jul
335,Movie Recommender System Project | Content Based Recommender System with Heroku Deployment,2021-07-07,762516,13860,0,1002,Jul
336,Built-in Modules in Python | How to use Modules in Python,2021-07-06,18041,407,0,14,Jul
337,Movie Recommender System Project -Teaser,2021-07-06,785,48,0,9,Jul
338,Regression Trees | Decision Trees Part 3,2021-07-05,17579,501,0,16,Jul
339,Built-in Functions in Python,2021-07-05,23350,537,0,12,Jul
340,Decision Trees - Hyperparameters | Overfitting and Underfitting in Decision Trees,2021-07-03,26057,1079,0,38,Jul
341,Decision Trees Geometric Intuition | Entropy | Gini impurity | Information Gain,2021-07-02,53622,1216,0,38,Jul
342,Logistic Regression Hyperparameters || Logistic Regression Part 8,2021-06-30,15876,412,0,13,Jun
343,Polynomial Features in Logistic Regression | Non Linear Logistic Regression | Logistic Regression 7,2021-06-29,11290,401,0,14,Jun
344,"Break, Continue and Pass Statements in Python",2021-06-29,12575,313,0,8,Jun
345,How to view Sklearn Library Source Code | Machine Learning Tips and Tricks,2021-06-29,1767,48,0,3,Jun
346,Softmax Regression || Multinomial Logistic Regression || Logistic Regression Part 6,2021-06-28,21739,608,0,24,Jun
347,Nested Loops in Python,2021-06-28,14637,310,0,20,Jun
348,For Loop In Python,2021-06-26,16489,355,0,13,Jun
349,Guessing Game in Python,2021-06-25,16270,365,0,13,Jun
350,"Precision, Recall and F1 Score | Classification Metrics Part 2",2021-06-24,29927,931,0,62,Jun
351,While Loop in Python | Day 8 | 100 Days of Python Programming,2021-06-24,16879,409,0,20,Jun
352,Accuracy and Confusion Matrix | Type 1 and Type 2 Errors | Classification Metrics Part 1,2021-06-23,34521,766,0,32,Jun
353,If-else Statements in Python | Nested If-else | Day 7 | 100 Days of Python Programming,2021-06-23,19105,393,0,15,Jun
354,Indentation in Python | Day 7 | 100 Days of Python Programming,2021-06-22,14469,300,0,13,Jun
355,Logistic Regression Part 5 | Gradient Descent & Code From Scratch,2021-06-21,24440,671,0,63,Jun
356,Operators in Python | 100 Days of Python Programming,2021-06-21,18098,373,0,16,Jun
357,Literals in Python | 100 Days of Python Programming,2021-06-19,23087,507,0,11,Jun
358,Derivative of Sigmoid Function,2021-06-19,13713,362,0,12,Jun
359,Logistic Regression Part 4 | Loss Function | Maximum Likelihood | Binary Cross Entropy,2021-06-18,27942,801,0,42,Jun
360,Type Conversion in Python,2021-06-18,18032,343,0,10,Jun
361,Logistic Regression Part 3 | Sigmoid Function,2021-06-17,32161,888,0,62,Jun
362,Taking user input in Python | The input function,2021-06-17,19802,367,0,11,Jun
363,Logistic Regression Part 2 | Perceptron Trick Code,2021-06-16,25683,638,0,28,Jun
364,Keywords and Identifiers in Python,2021-06-16,20405,418,0,15,Jun
365,Logistic Regression Part 1 | Perceptron Trick,2021-06-15,63754,1234,0,56,Jun
366,Variables in Python | Dynamic Typing | Dynamic Binding in Python,2021-06-15,23314,503,0,11,Jun
367,Comments in Python | 100 Days of Python Programming,2021-06-14,19342,308,0,10,Jun
368,ElasticNet Regression | Intuition and Code Example | Regularized Linear Models,2021-06-12,11177,378,0,19,Jun
369,Data Types in Python | 100 Days of Python Programming,2021-06-12,30963,546,0,20,Jun
370,Why Lasso Regression creates sparsity?,2021-06-11,13098,507,0,21,Jun
371,Print Function in Python | 100 Days of Python Programming,2021-06-11,104237,1221,0,52,Jun
372,Lasso Regression | Intuition and Code Sample | Regularized Linear Models,2021-06-10,20035,547,0,21,Jun
373,5 Key Points - Ridge Regression | Part 4 | Regularized Linear Models,2021-06-08,14899,502,0,35,Jun
374,Ridge Regression Part 3 | Gradient Descent | Regularized Linear Models,2021-06-04,15745,430,0,18,Jun
375,Ridge Regression Part 2 | Mathematical Formulation & Code from scratch | Regularized Linear Models,2021-06-03,23857,612,0,76,Jun
376,Ridge Regression Part 1 | Geometric Intuition and Code | Regularized Linear Models,2021-06-02,42620,854,0,39,Jun
377,Polynomial Regression | Machine Learning,2021-05-29,36204,902,0,30,May
378,Mini-Batch Gradient Descent,2021-05-26,13443,504,0,23,May
379,Stochastic Gradient Descent,2021-05-25,23549,735,0,34,May
380,Batch Gradient Descent,2021-05-22,31622,937,0,50,May
381,Gradient Descent From Scratch | End to End Gradient Descent | Gradient Descent Animation,2021-05-21,91923,3492,0,330,May
382,Multiple Linear Regression | Part 3 | Code From Scratch,2021-05-17,23252,597,0,28,May
383,Multiple Linear Regression | Part 2 | Mathematical Formulation From Scratch,2021-05-15,32304,1087,0,64,May
384,Multiple Linear Regression | Geometric Intuition & Code,2021-05-14,42067,1123,0,70,May
385,"Regression Metrics | MSE, MAE & RMSE | R2 Score & Adjusted R2 Score",2021-05-13,65022,1751,0,89,May
386,Simple Linear Regression | Mathematical Formulation | Coding from Scratch,2021-05-11,59190,1808,0,117,May
387,Simple Linear Regression | Code + Intuition,2021-05-10,89445,1883,0,97,May
388,Principle Component Analysis(PCA) | Part 3 | Code Example and Visualization,2021-05-08,28576,859,0,69,May
389,Principle Component Analysis (PCA) | Part 2 | Problem Formulation and Step by Step Solution,2021-05-07,43838,1234,0,125,May
390,Principle Component Analysis  (PCA) | Part 1 | Geometric Intuition,2021-05-06,54441,1241,0,77,May
391,Curse of Dimensionality,2021-05-05,28634,857,0,33,May
392,Feature Construction | Feature Splitting,2021-05-04,20085,565,0,13,May
393,Outlier Detection using the Percentile Method | Winsorization Technique,2021-05-03,19864,624,0,23,May
394,Outlier Detection and Removal using the IQR Method | Handing Outliers Part 3,2021-05-01,33186,831,0,28,May
395,Outlier Detection and Removal using Z-score Method | Handling Outliers Part 2,2021-04-30,32092,778,0,33,Apr
396,What are Outliers | Outliers in Machine Learning,2021-04-29,37502,901,0,26,Apr
397,Multivariate Imputation by Chained Equations for Missing Value | MICE Algorithm | Iterative Imputer,2021-04-28,21053,610,0,46,Apr
398,KNN Imputer | Multivariate Imputation | Handling Missing Data Part 5,2021-04-27,29232,737,0,51,Apr
399,Missing Indicator | Random Sample Imputation | Handling Missing Data Part 4,2021-04-26,25665,688,0,39,Apr
400,Handling Missing Categorical Data | Simple Imputer | Most Frequent Imputation | Missing Category Imp,2021-04-24,25658,619,0,30,Apr
401,Handling missing data | Numerical Data | Simple Imputer,2021-04-23,33550,895,0,55,Apr
402,Handling Missing Data | Part 1 | Complete Case Analysis,2021-04-22,38017,1082,0,37,Apr
403,Handling Date and Time Variables | Day 34 | 100 Days of Machine Learning,2021-04-21,23609,910,0,29,Apr
404,Handling Mixed Variables | Feature Engineering,2021-04-20,20956,674,0,25,Apr
405,Binning and Binarization | Discretization | Quantile Binning | KMeans Binning,2021-04-19,31775,855,0,33,Apr
406,Power Transformer | Box - Cox Transform | Yeo - Johnson Transform,2021-04-17,34037,1096,0,54,Apr
407,Function Transformer | Log Transform | Reciprocal Transform | Square Root Transform,2021-04-16,42545,1045,0,35,Apr
408,Machine Learning Pipelines A-Z | Day 29 | 100 Days of Machine Learning,2021-04-15,74554,2348,0,217,Apr
409,Column Transformer in Machine Learning | How to use ColumnTransformer in Sklearn,2021-04-14,55697,1533,0,88,Apr
410,One Hot Encoding | Handling Categorical Data | Day 27 | 100 Days of Machine Learning,2021-04-13,66644,1785,0,89,Apr
411,Encoding Categorical Data | Ordinal Encoding | Label Encoding,2021-04-12,58886,1491,0,79,Apr
412,Feature Scaling - Normalization | MinMaxScaling | MaxAbsScaling | RobustScaling,2021-04-10,52730,1575,0,53,Apr
413,Feature Scaling - Standardization | Day 24 | 100 Days of Machine Learning,2021-04-09,73590,2126,0,113,Apr
414,What is Feature Engineering | Day 23 | 100 Days of Machine Learning,2021-04-08,75573,1903,0,73,Apr
415,Pandas Profiling | Day 22 | 100 Days of Machine Learning,2021-04-07,36104,1298,0,101,Apr
416,EDA using Bivariate and Multivariate Analysis | Day 21 | 100 Days of Machine Learning,2021-04-06,53791,1568,0,86,Apr
417,EDA using Univariate Analysis | Day 20 | 100 Days of Machine Learning,2021-04-05,65686,1737,0,63,Apr
418,Understanding Your Data | Day 19 | 100 Days of Machine Learning,2021-04-03,44910,1257,0,45,Apr
419,Fetching data using Web Scraping | Day 18 | 100 Days of Machine Learning,2021-04-02,70248,2132,0,158,Apr
420,Fetching Data From an API | Day 17 | 100 Days of Machine Learning,2021-04-01,61734,2004,0,98,Apr
421,Working with JSON/SQL | Day 16 | 100 Days of Machine Learning,2021-03-31,37079,1134,0,38,Mar
422,Working with CSV files | Day 15 | 100 Days of Machine Learning,2021-03-30,53416,1771,0,76,Mar
423,Framing a Machine Learning Problem | How to plan a Data Science Project,2021-03-29,41625,1772,0,57,Mar
424,End to End Toy Project | Day 13 | 100 Days of Machine Learning,2021-03-27,62140,1854,0,92,Mar
425,Installing Anaconda For Data Science | Jupyter Notebook for Machine Learning | Google Colab for ML,2021-03-26,47248,1652,0,72,Mar
426,What are Tensors | Tensor In-depth Explanation | Tensor in Machine Learning,2021-03-25,65581,2365,0,116,Mar
427,Data Engineer V Data Analyst V Data Scientist V ML Engineer | Data Science Job Roles,2021-03-24,35797,1518,0,42,Mar
428,Machine Learning Development Life Cycle | MLDLC in Data Science,2021-03-23,45935,1817,0,57,Mar
429,Regression Tree Hyperparameter Tuning and Code Example,2021-03-23,3790,120,0,14,Mar
430,Application of Machine Learning | Real Life Machine Learning Applications,2021-03-22,37781,2077,0,69,Mar
431,Image Processing using OpenCV | Part 13 | Working with Videos using OpenCV,2021-03-21,5003,85,0,6,Mar
432,Image Processing using OpenCV | Part 12 | Building a Cropping Tool,2021-03-21,6268,63,0,2,Mar
433,Image Processing using OpenCV | Part 10 | Working with OpenCV Events,2021-03-21,5087,83,0,2,Mar
434,Image Processing using OpenCV | Part 11 | Working with OpenCV Events Part 2,2021-03-21,3967,48,0,5,Mar
435,Image Processing using OpenCV | Part 9 | Drawing Shapes and Text on Images,2021-03-21,5331,80,0,5,Mar
436,Challenges in Machine Learning | Problems in Machine Learning,2021-03-20,44839,1721,0,55,Mar
437,Decision Tree Hyperparameters In-depth Intuition | Decision Trees Part 8,2021-03-20,9107,408,0,24,Mar
438,Awesome Decision Tree Visualization using dtreeviz library,2021-03-19,13980,475,0,20,Mar
439,Instance-Based Vs Model-Based Learning | Types of Machine Learning,2021-03-19,50348,1654,0,54,Mar
440,Online Machine Learning | Online Learning | Online Vs Offline Machine Learning,2021-03-18,52478,1875,0,60,Mar
441,Gini Impurity in depth Intuition | Decision Trees | Part 4,2021-03-18,10021,260,0,7,Mar
442,Bagging Ensemble | Part 3 | Bagging Regressor,2021-03-17,11244,490,0,10,Mar
443,Batch Machine Learning | Offline Vs Online Learning | Machine Learning Types,2021-03-17,61216,1512,0,33,Mar
444,Types of Machine Learning for Beginners | Types of Machine learning in Hindi | Types of ML in Depth,2021-03-16,91630,2563,0,103,Mar
445,Bagging Ensemble | Part 2 | Bagging Classifiers,2021-03-16,15578,580,0,25,Mar
446,AI Vs ML Vs DL for Beginners in Hindi,2021-03-15,74179,2250,0,77,Mar
447,Image Processing using OpenCV | Part 8 | Saving an Image,2021-03-14,4662,53,0,2,Mar
448,Image Processing using OpenCV | Part 7 | Cropping an Image,2021-03-14,5253,56,0,4,Mar
449,Image Processing using OpenCV | Part 6 | Flipping an Image,2021-03-14,5592,84,0,3,Mar
450,Image Processing using OpenCV | Part 5 | Image Resizing,2021-03-14,7831,85,0,2,Mar
451,Image Processing using OpenCV | Part 4 | Playing with RGB Color Channels,2021-03-14,9501,103,0,2,Mar
452,Image Processing using OpenCV | Part 3 | Converting RGB image to Grayscale,2021-03-14,14093,108,0,2,Mar
453,Image Processing using OpenCV | Part 2 | Reading an Image,2021-03-14,12722,115,0,3,Mar
454,Image Processing using OpenCV | Part 1 | Image Basics,2021-03-14,30841,347,0,5,Mar
455,What is Machine Learning? | 100 Days of Machine Learning,2021-03-13,415951,4795,0,196,Mar
456,Bagging | Introduction | Part 1,2021-03-12,27125,798,0,22,Mar
457,Voting Ensemble | Regression | Part 3,2021-03-11,10215,417,0,15,Mar
458,Voting Ensemble | Classification | Voting Classifier | Hard Voting Vs Soft Voting | Part 2,2021-03-10,14873,566,0,17,Mar
459,Voting Ensemble |  Introduction and Core Idea | Part 1,2021-03-09,15699,591,0,27,Mar
460,Session on Generative Adversarial Networks | GANs,2021-01-31,14698,487,0,39,Jan
461,Thread Pool Executors | Threading And Multi Processing in Python Part 2,2021-01-28,1393,22,0,3,Jan
462,Threading | Threading and Multi Processing in Python Part 1,2021-01-12,5918,103,0,0,Jan
463,Bangalore House Price Prediction | Regression Project | End to End Machine Learning Projects,2021-01-03,99480,1449,0,193,Jan
464,Cross-validation in Machine Learning,2021-01-02,7675,224,0,14,Jan
465,Car Price Predictor Project | Machine Learning | Linear Regression,2021-01-02,187102,3120,0,266,Jan
466,Largest Rectangle in Histogram,2020-11-18,113,4,0,0,Nov
467,Face Mask Detection using CNN | VGG16 | Keras Project,2020-11-16,36705,642,0,33,Nov
468,Next Larger Element in an Array,2020-11-15,58,2,0,1,Nov
469,Face Mask Detector Project  Demo| Deep Learning,2020-11-15,1180,55,0,3,Nov
470,Get minimum item from a stack in O(1) time,2020-11-14,37,1,0,1,Nov
471,Reverse a LinkedList using Stack,2020-11-13,2253,20,0,3,Nov
472,Online Stock Span Problem in Java | Stacks Problem #1,2020-11-11,82,4,0,1,Nov
473,News App from Scratch | Part 1 - Course Introduction | Advance Android Tutorials,2020-10-14,222,12,0,5,Oct
474,DOM Selectors | Multiple Item Selector | Javascript Fundamentals,2020-10-08,195,4,0,0,Oct
475,DOM Selectors Part 1 | Single Element Selector | Javascript Fundamentals,2020-10-08,172,5,0,0,Oct
476,Document Object Model | DOM | Javascript Fundamentals,2020-10-08,217,4,0,0,Oct
477,The Window Object | Javascript Fundamentals,2020-10-08,258,5,0,0,Oct
478,Type Conversion | Javascript Fundamentals,2020-10-08,127,2,0,0,Oct
479,Operators | Javascript Fundamentals,2020-10-08,105,1,0,0,Oct
480,Generals Loops | Javascript Fundamentals,2020-10-08,153,3,0,0,Oct
481,Functions | Javascript,2020-10-08,162,3,0,0,Oct
482,If-else statements | Javascript Fundamentals,2020-10-08,122,2,0,0,Oct
483,Switch Statements | Javascript Fundamentals,2020-10-08,127,4,0,0,Oct
484,General Loops | Javascript,2020-10-08,161,4,0,1,Oct
485,Block and Function Level Scope | Javascript Fundamentals,2020-10-08,189,5,0,0,Oct
486,Date Objects | Javascript Fundamentals,2020-10-08,122,2,0,0,Oct
487,Object Literals | Javascript Fundamentals,2020-10-08,188,6,0,0,Oct
488,Arrays | Javascript Fundamentals,2020-10-08,182,5,0,2,Oct
489,Template Literals | Javascript,2020-10-08,176,4,0,0,Oct
490,Strings | Javascript,2020-10-08,218,4,0,0,Oct
491,The Math Object | Javascript Fundamentals,2020-10-08,198,3,0,0,Oct
492,Variables in Javascript,2020-10-08,272,4,0,0,Oct
493,Data Types in Javascript,2020-10-08,318,7,0,0,Oct
494,Console in Javascript,2020-10-08,388,9,0,0,Oct
495,Comments in Javascript,2020-10-08,352,6,0,0,Oct
496,Introduction to Javascript | Using external javascript,2020-10-08,1598,24,0,4,Oct
497,Math Based Brain Game using Vanilla Javascript in 1 hour,2020-09-10,586,14,0,0,Sep
498,Javascript based Math Brain Game Demo,2020-09-10,200,3,0,1,Sep
499,Neural Network Notation,2020-09-06,1209,40,0,4,Sep
500,Prediction in Artificial Neural Network,2020-09-06,1183,32,0,6,Sep
501,"Guest Lecture on ""Front-end Development in MNCs""",2020-09-06,149,4,0,0,Sep
502,Keras Classification Project - MNIST Digit Recognition Dataset,2020-09-06,6980,133,0,7,Sep
503,Bank Churn Classification - Keras Deep Learning,2020-09-06,1455,32,0,2,Sep
504,Graduate Admission Prediction - Keras Regression | Deep Learning | ANN,2020-09-06,3025,59,0,14,Sep
505,Session on Firebase | Building a Todo List Application,2020-08-31,368,14,0,0,Aug
506,Life as a DevOps Engineer By Shomik Bose (British Telecom),2020-08-27,1101,13,0,0,Aug
507,Build an IRCTC clone using Bootstrap and jQuery,2020-08-19,3316,108,0,11,Aug
508,Internet Protocol | Fundamentals of Web Development | Part 7,2020-08-07,1097,37,0,7,Aug
509,The problem of Outliers | Logistic Regression,2020-08-07,2136,49,0,3,Aug
510,Sigmoid Function and Squashing | Logistic Regression,2020-08-07,3664,85,0,4,Aug
511,Lists and Tables,2020-08-07,932,35,0,0,Aug
512,Style and Colors,2020-08-07,789,24,0,1,Aug
513,Div and Span | Block level and Inline elements,2020-08-07,812,30,0,2,Aug
514,Iframe tag in HTML,2020-08-07,782,23,0,0,Aug
515,Meta Tags in HTML,2020-08-07,703,28,0,2,Aug
516,HTML Forms and Attributes,2020-08-07,794,33,0,0,Aug
517,HTML Form Elements,2020-08-07,710,26,0,0,Aug
518,Types of Input Tag,2020-08-07,662,31,0,0,Aug
519,Input Tag Attributes,2020-08-07,563,24,0,5,Aug
520,CSS Box Model,2020-08-07,210,7,0,0,Aug
521,CSS Border Property,2020-08-07,330,7,0,1,Aug
522,Float and Alignment,2020-08-07,120,1,0,0,Aug
523,CSS Layouts,2020-08-07,247,3,0,1,Aug
524,CSS Overflow,2020-08-07,157,3,0,1,Aug
525,CSS Texts and Fonts,2020-08-07,70,0,0,0,Aug
526,CSS Link States and Buttons,2020-08-07,81,0,0,0,Aug
527,CSS Display Property,2020-08-07,247,3,0,0,Aug
528,CSS Positioning,2020-08-07,263,3,0,0,Aug
529,Perceptron from scratch using Python,2020-08-07,8691,165,0,15,Aug
530,Perceptron Algorithm in Sklearn,2020-08-07,1248,13,0,1,Aug
531,Perceptron Trick,2020-08-07,990,28,0,7,Aug
532,Perceptron Geometric Intuition,2020-08-07,587,15,0,1,Aug
533,Perceptron Introduction,2020-08-07,2191,37,0,2,Aug
534,CSS Media Queries,2020-08-07,239,5,0,0,Aug
535,CSS Grids,2020-08-07,203,6,0,1,Aug
536,Backpropogation Explained,2020-08-07,73,2,0,1,Aug
537,Disadvantages of Cosine Similarity,2020-08-07,467,3,0,0,Aug
538,Gradient Descent from Scratch in Python,2020-08-07,193,10,0,0,Aug
539,CSS Flexbox,2020-08-07,227,5,0,0,Aug
540,CSS Combinators and Pseudo Elements,2020-08-07,147,4,0,0,Aug
541,CSS Transformations,2020-08-07,140,3,0,0,Aug
542,CSS Transitions,2020-08-07,153,2,0,0,Aug
543,CSS Animation Part 2,2020-08-07,131,3,0,0,Aug
544,CSS Animation Part 1,2020-08-07,199,4,0,0,Aug
545,Kernel Trick in SVM | Geometric Intuition,2020-08-07,21264,535,0,15,Aug
546,Kernel Trick in SVM | Code Example,2020-08-07,16139,464,0,32,Aug
547,Styling Forms using CSS,2020-08-07,344,7,0,0,Aug
548,Styling Tables,2020-08-07,330,7,0,0,Aug
549,CSS Units,2020-08-07,354,12,0,0,Aug
550,CSS Navigation Bars and Side Navigation Bars,2020-08-07,355,3,0,2,Aug
551,Dropdowns in CSS,2020-08-07,502,9,0,1,Aug
552,Mathematics of Support Vector Machine | Soft Margin SVM,2020-08-07,27340,696,0,36,Aug
553,Support Vector Machine | Code Sample,2020-08-07,16130,293,0,16,Aug
554,Mathematical Prerequisites for Deep Learning,2020-07-19,424,18,0,1,Jul
555,How is the Internet so fast? | Fundamentals of Web Development | Part 12,2020-07-13,725,45,0,4,Jul
556,Transmission Control Protocol (TCP) | Fundamentals of Web Development | Part 11,2020-07-13,786,25,0,2,Jul
557,IPV4 Vs IPV6 | Fundamentals of Web Development | Part 8,2020-07-13,838,31,0,0,Jul
558,Domain Name Server | Fundamentals of Web Development | Part 10,2020-07-13,942,33,0,1,Jul
559,Public IP Vs Private IP | Fundamentals of Web Development  | Part 9,2020-07-13,905,28,0,5,Jul
560,How does the Internet work? | Fundamentals of Web Development | Part 6,2020-07-13,1112,36,0,1,Jul
561,Peer to Peer Networks | Fundamentals of Web Development | Part 5,2020-07-13,1261,50,0,4,Jul
562,Client Server Architecture | Fundamentals of Web Development | Part 4,2020-07-13,1815,57,0,2,Jul
563,CSS Background Image Property,2020-07-10,625,16,0,0,Jul
564,CSS Selectors,2020-07-10,85,1,0,0,Jul
565,Comments in CSS,2020-07-10,429,7,0,0,Jul
566,Implementing CSS,2020-07-10,638,16,0,0,Jul
567,Introduction to CSS,2020-07-10,2355,30,0,1,Jul
568,Mathematics of SVM | Support Vector Machines | Hard margin SVM,2020-07-10,53566,1357,0,95,Jul
569,Support Vector Machines | Geometric Intuition,2020-07-10,55967,1086,0,37,Jul
570,Equation of a Hyper-plane in N dimensions,2020-07-10,36581,959,0,53,Jul
571,Logistic Regression | Geometric Intuition,2020-07-10,5330,157,0,6,Jul
572,Logictic Regression | Introduction,2020-07-10,1862,41,0,3,Jul
573,"Links, Images and Attributes",2020-07-10,1199,45,0,1,Jul
574,"Head, Paragraph and Typography",2020-07-10,1344,49,0,3,Jul
575,"Doctype, Basic Layout and Comments",2020-07-10,1248,44,0,0,Jul
576,HTML Basic Syntax,2020-07-10,1423,36,0,0,Jul
577,HTML Introduction and Setup,2020-07-10,4352,81,0,4,Jul
578,What is a Server? | Fundamentals of Web Development | Part 3,2020-07-09,1490,76,0,5,Jul
579,Email Spam Classifier | Project Ideas #4,2020-07-02,4745,70,0,7,Jul
580,6 Ways To Build A Kickass Portfolio,2020-07-01,277,20,0,2,Jul
581,Top 5 mistakes in Group Discussion | Freshers | Campus Placement,2020-06-30,190,17,0,2,Jun
582,Components of Internet | Fundamentals of Web Development | Part 2,2020-06-30,1863,71,0,2,Jun
583,What is Internet? | Fundamentals of Web Development | Part 1,2020-06-26,7871,216,0,5,Jun
584,Movie Recommender System | Project #4,2020-06-23,743,22,0,4,Jun
585,Wallpaper Viewer Application in Android | Android Development for Beginners | [Hindi],2020-06-21,161,8,0,0,Jun
586,Building a Web Browser in Android | Android Development for Beginners | [Hindi],2020-06-21,156,2,0,0,Jun
587,Checkbox in Android | Android Development for Beginners | [Hindi],2020-06-21,693,14,0,0,Jun
588,Context Menu in Android | Android Development for Beginners | [Hindi],2020-06-21,1590,22,0,3,Jun
589,Dialog box in Android | Android Development for Beginners | [Hindi],2020-06-18,128,3,0,0,Jun
590,Pop-up Menu in Android | Android Development for Beginners | [Hindi],2020-06-18,1027,20,0,0,Jun
591,Calculator Project | Android Development for Beginners | [Hindi],2020-06-17,167,2,0,0,Jun
592,Autocomplete Text View | Android Development for Beginners | [Hindi],2020-06-17,416,9,0,0,Jun
593,Creating your First Project | Android Development for Beginners,2020-06-16,428,9,0,2,Jun
594,Installing Android Studio | Android Development for Beginners,2020-06-16,267,5,0,0,Jun
595,Online Group Discussion | Should social media presence be considered while hiring candidates?,2020-06-15,120,3,0,1,Jun
596,The Philosophy of Advertisements | Android Development for Beginners | [Hindi],2020-06-15,317,15,0,1,Jun
597,The Great Android Story | Android Development for Beginners | [Hindi],2020-06-14,298,22,0,1,Jun
598,The Philosophy of Open Source Software | Android Development for Beginners | [Hindi],2020-06-14,1089,39,0,3,Jun
599,Ridge Regression | Code and Analysis,2020-06-13,8532,112,0,12,Jun
600,Introduction to Android | Android Development for Beginners | [Hindi],2020-06-13,895,29,0,4,Jun
601,Quikr Car Price Predictor | Project #2 | Machine Learning,2020-06-11,2648,47,0,2,Jun
602,Ridge Regression | Regularization | Mathematical Intuition,2020-06-11,3679,111,0,19,Jun
603,Kth Largest Element | Algorithms in C,2020-06-11,92,2,0,0,Jun
604,Tower of Hanoi | Algorithms in C,2020-06-10,95,4,0,0,Jun
605,Linear Search | Algorithms in C,2020-06-10,13,0,0,0,Jun
606,Quick Sort | Algorithms in C,2020-06-10,106,4,0,0,Jun
607,Selection Sort | Algorithms in C,2020-06-10,54,2,0,0,Jun
608,Schema Design using MySQL Workbench,2020-06-10,807,10,0,4,Jun
609,Database Lecture | Creating Login & Registration,2020-06-10,461,15,0,1,Jun
610,Linear Regression Part 12 | Polynomial Regression | Intuition and Code Example,2020-06-09,2532,74,0,1,Jun
611,Placement Experience with Suthirtha Saha | SAP Labs | Infosys,2020-06-07,1908,34,0,5,Jun
612,Session on Resume Building,2020-06-07,606,16,0,0,Jun
613,CampusX - Doubt clearance on Git and Github,2020-06-07,305,12,0,1,Jun
614,Problem 19. Lowest Common Ancestor in Binary Search Tree | Programming Questions for Placement,2020-06-06,17,0,0,0,Jun
615,Prob 18. Sum of numbers formed by permutation of given digits | Programming Questions for Placement,2020-06-06,75,0,0,0,Jun
616,Problem 17. Binary Tree to Doubly Linked List | Programming Questions for Placement Preparations,2020-06-06,175,2,0,0,Jun
617,Aaj ki Philosophy | Ek Idea,2020-06-05,288,23,0,0,Jun
618,Bias Variance Trade-off | Overfitting and Underfitting in Machine Learning,2020-06-05,36566,971,0,28,Jun
619,Problem 16. Height of a Special Binary Tree | Programming Questions for Placement Preparation,2020-06-05,79,1,0,0,Jun
620,Problem 15. Find Next Greater Palindrome | Programming Questions for Placement Preparation | CampusX,2020-06-05,3767,36,0,2,Jun
621,Problem 14. Stock Buy Sell to Maximize Profit | Programming Questions for Placement Preparation,2020-06-05,110,3,0,0,Jun
622,Problem 13. Nth Magic Number | Programming Questions for Placement Preparation | CampusX,2020-06-05,198,2,0,0,Jun
623,Aaj ki Philosophy | Robowars ka Falsafa,2020-06-04,245,24,0,2,Jun
624,Aaj ki Philosophy | Hacking ka Attitude,2020-06-04,276,31,0,3,Jun
625,What is an API?,2020-06-04,580,36,0,2,Jun
626,Aaj ki Philosophy | Musical Chairs,2020-06-04,299,35,0,2,Jun
627,Zomato Clone | Web Development Project 1,2020-06-04,1777,41,0,6,Jun
628,Problem 12. Minimum Cost Path | Programming Questions for Placement Preparation | CampusX,2020-06-03,100,0,0,0,Jun
629,Problem 11. Longest Common Subsequence | Programming Questions for Placement Preparation | CampusX,2020-06-03,39,1,0,0,Jun
630,Problem 10. Contiguous Sub Array with Maximum Sum | Programming Questions for Placement Preparation,2020-06-03,58,2,0,0,Jun
631,Regression Project 1 - Quikr Car Price Predictor,2020-06-03,430,2,0,1,Jun
632,Linear Regression Part 11 | R2 and Adjusted R2 | Coefficient of Determination,2020-06-03,4509,106,0,4,Jun
633,Linear Regression Part 9 | Code Example,2020-06-02,3258,75,0,3,Jun
634,Linear Regression Part  3 | General Intuition of OLS,2020-06-02,6520,159,0,6,Jun
635,Problem 9. Implement Queue as a Stack | Programming Questions for Placement Preparation | CampusX,2020-06-02,14,0,0,0,Jun
636,Problem 8. Implement Stack as a Queue | Programming Questions for Placement Preparation | CampusX,2020-06-02,16,0,0,0,Jun
637,Problem 7. Detect and Remove Loop in Linked List | Programming Questions for Placement Preparation,2020-06-02,270,5,0,0,Jun
638,Aaj ki Philosophy | Mexican Wave,2020-06-01,650,78,0,5,Jun
639,Problem 6. Reverse a Linked List | Programming Videos for Placement Preparation | CampusX,2020-06-01,37,0,0,0,Jun
640,Prob 5. Number of Islands in an Undirected Graph | Programming Questions for Placement Preparation,2020-06-01,28,1,0,0,Jun
641,Problem 4. Remove Duplicates from a Linked List | Programming Questions for Placement Preparation,2020-06-01,56,1,0,0,Jun
642,Prob 3. Find Sum of Median of Two Sorted Arrays | Programming Questions for Placement Preparation,2020-05-31,106,1,0,1,May
643,Prob 2. First Non-Repeating Character in a String | Programming Questions for Placement | CampusX,2020-05-31,133,1,0,0,May
644,Problem 1. Find Triplets With Zero Sum | Programming Questions for Placement Preparation | CampusX,2020-05-31,1053,13,0,1,May
645,Bar Charts | Logical Reasoning Part 9,2020-05-31,29,1,0,0,May
646,Pie Charts | Logical Reasoning Part 8,2020-05-31,26,0,0,0,May
647,Table Charts | Logical Reasoning Part 7,2020-05-31,26,1,0,0,May
648,Symbols and Notations | Logical Reasoning Part 5,2020-05-31,124,1,0,0,May
649,Venn Diagrams | Logical Reasoning Part 4,2020-05-31,26,0,0,0,May
650,Coding and Decoding | Logical Reasoning Part 3,2020-05-31,44,1,0,0,May
651,Letters and Symbols | Logical Reasoning Part 2,2020-05-31,112,6,0,0,May
652,Directional Sense | Logical Reasoning Part 1,2020-05-31,132,4,0,0,May
653,GPU V CPU for Deep Learning,2020-05-29,1780,54,0,2,May
654,Introduction to Keras,2020-05-29,1538,63,0,6,May
655,Linear Regression Part 4 | Ordinary Least Squares,2020-05-27,11577,238,0,17,May
656,Prediction in Artificial Neural Network | Deep Learning Part 10,2020-05-26,440,19,0,3,May
657,CampusX Mentorship Program,2020-05-25,833,53,0,4,May
658,How to publish research papers in Machine Learning by Navoneel Chakrabarty,2020-05-24,5520,236,0,7,May
659,How to become a great coder Part 13 - Be the Master of One,2020-05-23,154,11,0,1,May
660,How to become a great coder Part 12 - Breadth of knowledge,2020-05-23,143,7,0,1,May
661,How to become a great coder Part 11 - Document your code and learning,2020-05-23,126,6,0,0,May
662,How to become a great coder Part 10 - Practice and Compete,2020-05-23,110,4,0,0,May
663,How to become a great coder Part 8 - Code Readability,2020-05-23,218,7,0,1,May
664,How to become a great coder Part 9 - Code in a timed environment,2020-05-23,120,2,0,0,May
665,How to become a great coder Part 7 - Debugging,2020-05-23,160,7,0,0,May
666,How to become a great coder Part 6 - Concentration while programming,2020-05-23,190,12,0,1,May
667,How to become a great coder Part 5 - Whiteboarding,2020-05-23,177,7,0,0,May
668,How to become a great coder Part 4 - How to stay motivated?,2020-05-23,192,10,0,1,May
669,How to become a great coder Part 3- Breaking your bigger problem into smaller ones,2020-05-23,252,13,0,1,May
670,How to become a great coder Part 2- Problem solving attitude,2020-05-23,278,16,0,1,May
671,How to become a great coder Part 1 - The learning process,2020-05-23,565,22,0,2,May
672,Future and Careen Prospects in Deep Learning,2020-05-22,32,4,0,0,May
673,History of Deep Learning,2020-05-21,4554,136,0,10,May
674,Machine Learning Vs Deep Learning,2020-05-20,339,24,0,1,May
675,Multi-layered Perceptron | Artificial Neural Networks,2020-05-18,636,16,0,2,May
676,Types of Artificial Neural Network | Course on Deep Learning,2020-05-18,1548,53,0,3,May
677,What is a Perceptron | Neuron V Perceptron | Course on Deep Learning,2020-05-18,6374,123,0,4,May
678,What is Deep Learning | Deep Learning Course,2020-05-18,503,28,0,0,May
679,Course Introduction | Deep Learning,2020-05-18,923,27,0,3,May
680,Classification Metrics in Machine Learning,2020-05-15,837,22,0,0,May
681,Regression Trees | Regression in Decision Trees | Hindi,2020-05-13,20256,536,0,39,May
682,Literals in Python | Python Tutorial #8,2020-05-11,156,3,0,1,May
683,PHP and MySQL CRUD application Part 1,2020-05-11,153,2,0,0,May
684,PHP and MySQL CRUD application Part 2,2020-05-11,68,2,0,0,May
685,SQL queries in PHPMyAdmin,2020-05-11,1275,23,0,4,May
686,PHPMyAdmin for PHP and MySQL,2020-05-11,102,2,0,1,May
687,SQL join queries in PHPMyAdmin,2020-05-11,1047,15,0,3,May
688,Session on Titanic Survival Challenge,2020-05-09,9117,171,0,15,May
689,File Uploads in PHP,2020-05-09,53,0,0,0,May
690,Form Handling in PHP,2020-05-09,1977,24,0,2,May
691,Cookies in PHP,2020-05-09,29,0,0,0,May
692,Sessions in PHP,2020-05-09,46,2,0,1,May
693,Include and Redirect in PHP,2020-05-09,84,2,0,0,May
694,Keywords and Identifiers in Python,2020-05-08,115,5,0,0,May
695,Introduction to PHP,2020-05-08,135,2,0,0,May
696,Installing Wampserver for PHP,2020-05-08,259,1,0,0,May
697,Arrays in PHP,2020-05-08,36,1,0,0,May
698,Functions in PHP,2020-05-08,27,1,0,0,May
699,If-else and Operators in PHP,2020-05-08,56,1,0,0,May
700,Strings functions in PHP,2020-05-08,31,0,0,0,May
701,Loops in PHP,2020-05-08,25,0,0,0,May
702,Variables in PHP,2020-05-08,60,1,0,0,May
703,Switch statements and the die() function in PHP,2020-05-08,48,2,0,0,May
704,Datetime functions in PHP,2020-05-08,60,0,0,0,May
705,Type Conversion in Python | Python Tutorial #6,2020-05-07,137,5,0,0,May
706,Handwriting Classifier using Decision Trees,2020-05-07,5310,111,0,3,May
707,Operators in Java | Java Tutorial #6,2020-05-07,49,1,0,0,May
708,If-else statements in Java | Java Tutorial #7,2020-05-07,32,0,0,0,May
709,Loops in Java | Java Tutorial #8,2020-05-07,20,0,0,0,May
710,Break and Continue in Java | Java Tutorial #9,2020-05-07,25,0,0,0,May
711,Taking user input in Java | Java Tutorial #5,2020-05-07,11,0,0,0,May
712,Variables in Python | Python Tutorial #5,2020-05-06,117,5,0,1,May
713,CSS Selectors,2020-05-06,85,2,0,1,May
714,CSS Positioning,2020-05-06,81,3,0,0,May
715,CSS Layout Tutorial,2020-05-06,76,2,0,0,May
716,CSS Properties Part 2,2020-05-06,69,3,0,0,May
717,CSS Box Model,2020-05-06,9,0,0,0,May
718,CSS Properties Part 1,2020-05-06,128,4,0,0,May
719,Variables in Java | Java Tutorial #3,2020-05-06,47,0,0,0,May
720,Data Types in Java | Java Tutorial #4,2020-05-06,183,1,0,0,May
721,Input function in Python | Python Tutorial #4,2020-05-05,156,5,0,1,May
722,Creating a Pandas Dataset from a MySQL Database | Data Gathering | Data Wrangling Step 1,2020-05-05,4078,80,0,6,May
723,Data Cleaning | Data Wrangling Step 3 | Data Analysis Process,2020-05-05,6355,125,0,9,May
724,EDA on Titanic Dataset | Data Analysis Process,2020-05-05,17699,376,0,11,May
725,Assessing Data | Data Wrangling Step 2 | Data Analysis Process,2020-05-05,6442,162,0,12,May
726,Email Spam Classifier,2020-05-05,7611,166,0,22,May
727,Zomato Price Predictor,2020-05-05,844,43,0,2,May
728,K Means Clustering,2020-05-05,3798,146,0,17,May
729,Clustering Project | Book Recommender System,2020-05-05,29274,694,0,42,May
730,Movie Review Sentiment Analysis Part 3,2020-05-05,6142,162,0,11,May
731,Movie Review Sentiment Analysis Part 2,2020-05-05,10046,172,0,8,May
732,Movie Review Sentiment Analysis Part 1,2020-05-05,12916,262,0,17,May
733,PCA | Why Variance is important in PCA,2020-05-05,1553,39,0,1,May
734,PCA | Problem Formulation,2020-05-05,2098,72,0,4,May
735,Introduction to CSS | CSS for Beginners,2020-05-05,275,4,0,2,May
736,Data types in Python | type() in Python | Python Tutorial #3 | Zero to One,2020-05-04,176,7,0,2,May
737,The Print Function | Python Tutorial #2 | Python for Beginners | Zero to One,2020-05-03,360,8,0,1,May
738,Introduction to Python | Python Tutorial #1 | Python for Beginners | Zero to One,2020-05-01,1199,34,0,4,May
739,Naive Bayes Part 9 | Handling Numerical Data,2020-04-27,8263,241,0,12,Apr
740,Implementing PCA using sklearn | Principal Component Analysis | Machine Learning in Hindi,2020-04-27,3347,71,0,9,Apr
741,Curse of Dimensionality | Hindi,2020-04-26,8015,110,0,5,Apr
742,Session on Web Scraping | Creating a Data-set using Web scraping,2020-04-05,9438,237,0,11,Apr
743,API to Pandas Dataframe | Data Gathering | Data Wrangling Step 1 | Data Analysis Process,2020-04-03,11910,286,0,21,Apr
744,Linked Lists in Python | Part 9 | Deleting a node by value,2020-03-31,191,6,0,2,Mar
745,Linked Lists in Python | Part 8 | Deletion from tail in a Singly Linked List,2020-03-31,118,3,0,0,Mar
746,Linked List in Python | Part 7 | Deletion from head in a Singly Linked List,2020-03-31,145,3,0,0,Mar
747,Making a Corona virus(Covid-19) Dashboard | Session on Dash,2020-03-30,13607,135,0,5,Mar
748,Linked Lists in Python | Part 1 | Introduction to Linked Lists | Arrays Vs Linked List,2020-03-27,922,22,0,1,Mar
749,Linked Lists in Python | Part 6 | Insertion through tail in a Singly Linked List | Placement Prepara,2020-03-27,230,3,0,1,Mar
750,Linked Lists in Python | Part 5 | Insertion after a given node in a Singly Linked List,2020-03-27,293,8,0,1,Mar
751,Linked Lists in Python | Part 4 | Traversal in a Singly Linked List | Placement Preparation,2020-03-27,314,4,0,1,Mar
752,Linked Lists in Python | Part 3 | Insertion from head in a Singly Linked List | Placement Preparatio,2020-03-27,427,7,0,0,Mar
753,Linked Lists in Python | Part 2 | Implementing a Single Node | Placement Preparation,2020-03-27,455,9,0,0,Mar
754,Leftmost Character that doesn't Repeat,2020-03-27,21,0,0,0,Mar
755,Leftmost Character that Repeats,2020-03-27,292,3,0,0,Mar
756,Anagrams,2020-03-27,115,0,0,0,Mar
757,Matplotlib,2020-03-26,8529,195,0,5,Mar
758,Data Visualization using Seaborn | Distplots,2020-03-26,3665,131,0,6,Mar
759,Data Visualization using Seaborn | Pairplots,2020-03-26,2946,91,0,3,Mar
760,Data Visualization using Seaborn | Jointplots,2020-03-26,2677,81,0,3,Mar
761,Data Visualization using Seaborn | Clustermaps,2020-03-24,2858,88,0,2,Mar
762,Data Visualization using Seaborn | Heatmaps,2020-03-24,6899,172,0,2,Mar
763,Data Visualization using Seaborn | Barplots and Countplots,2020-03-24,3558,98,0,3,Mar
764,Data Visualization using Seaborn | Violinplots,2020-03-23,3140,92,0,1,Mar
765,Data Visualization using Seaborn | Boxplot,2020-03-23,4069,126,0,6,Mar
766,Data Visualization using Seaborn | Categorical Scatterplots | Stripplots and Swarmplots,2020-03-23,5670,128,0,13,Mar
767,Data Visualization using Seaborn | Scatter Plots,2020-03-22,13724,254,0,6,Mar
768,Central Limit Theorem,2020-03-18,422,28,0,2,Mar
769,Central Limit Theorem - Proof,2020-03-18,3399,109,0,12,Mar
770,Z-score and Z-tables,2020-03-18,3670,100,0,3,Mar
771,Standard Normal Variate,2020-03-18,6141,144,0,9,Mar
772,Normal Distribution,2020-03-18,4349,145,0,4,Mar
773,Quiz App in Android | Android Development for Beginners | [Hindi],2020-03-17,384,10,0,5,Mar
774,Radio Buttons in Android | Android Development for Beginners | [Hindi],2020-03-17,150,5,0,0,Mar
775,Intents in Android | Android Development for Beginners | [Hindi],2020-03-17,98,2,0,0,Mar
776,Button Counter App | Android Development for Beginners | [Hindi],2020-03-16,160,5,0,0,Mar
777,Simple Login App | Android Development for Beginners | [Hindi],2020-03-16,305,8,0,0,Mar
778,Toasts in Android | Android Development for Beginners | [Hindi],2020-03-16,194,6,0,0,Mar
779,Running our first project | Android Development for Beginners | [Hindi],2020-03-16,266,5,0,1,Mar
780,Understanding the Project Structure | Android Development for Beginners | [Hindi],2020-03-16,211,2,0,0,Mar
781,Android Virtual Device | Android Development for Beginners | [Hindi],2020-03-16,861,9,0,0,Mar
782,Rotate a Matrix by 90,2020-03-15,28,1,0,0,Mar
783,Transpose of a Matrix,2020-03-15,48,2,0,0,Mar
784,Snake Pattern,2020-03-15,1604,16,0,0,Mar
785,Matrix Introduction,2020-03-15,98,1,0,0,Mar
786,Two Pointer Approach,2020-03-15,398,2,0,0,Mar
787,Left Most Occurence Binary Search Implementation,2020-03-15,26,0,0,0,Mar
788,Binary Search Recursion,2020-03-15,170,4,0,1,Mar
789,Naive Bayes Classifier | Part 7 | Mathematics behind Naive Bayes Algorithm,2020-03-14,9472,288,0,14,Mar
790,Naive Bayes Classifier | Part 6 | Intuition,2020-03-14,10102,287,0,5,Mar
791,Naive Bayes Classifier | Part 8 | Simple Example Code,2020-03-14,11104,276,0,15,Mar
792,Naive Bayes Classifier | Part 5 | Problem based upon Bayes Theorem,2020-03-14,10199,241,0,12,Mar
793,Naive Bayes Classifier | Part 4 | Bayes Theorem in Probability,2020-03-14,9371,240,0,4,Mar
794,Naive Bayes Classifier | Part 3 | Mutually Exclusive Events,2020-03-14,8588,155,0,3,Mar
795,Naive Bayes Classifier | Part 2 | Independent Events in Probability,2020-03-14,11033,260,0,5,Mar
796,Naive Bayes Classifier | Part 1 | Conditional Probability,2020-03-14,30301,478,0,18,Mar
797,Linear Regression Part 8 | Gradient Descent | Multi-variable Gradient Descent,2020-03-13,3844,140,0,17,Mar
798,Linear Regression Part 2 - Intuition,2020-03-13,8750,282,0,31,Mar
799,Linear Regression Part 7 | Gradient Descent - Learning rate,2020-03-13,4556,124,0,4,Mar
800,Linear Regression Part 6 | Gradient Descent - Finding the Loss function and it's derivative,2020-03-13,5158,84,0,7,Mar
801,Linear Regression Part 5 | Gradient Descent - Intuition,2020-03-13,7409,193,0,13,Mar
802,Linear Regression Part 1 - Introduction,2020-03-13,15306,271,0,9,Mar
803,Leaders in an Array,2020-03-13,260,2,0,0,Mar
804,Left Rotate Array By d,2020-03-13,96,2,0,0,Mar
805,Maximum Sum Subarray Part 2Kadane's Algo,2020-03-13,24,2,0,0,Mar
806,Count Unique Elements in Sorted Array,2020-03-13,206,2,0,0,Mar
807,Maximum Sum Subarray Part 1,2020-03-13,39,1,0,0,Mar
808,Left Rotate Array By One,2020-03-13,244,2,0,0,Mar
809,Array Reversal Inplace,2020-03-13,164,3,0,0,Mar
810,Dynamic Array Implementation in Python Part 9 | Search Operation,2020-03-11,315,9,0,2,Mar
811,Dynamic Array Implementation in Python Part 8 | Pop and Clear,2020-03-11,308,8,0,1,Mar
812,Dynamic Array implementation in Python Part 7 | Deletion by value,2020-03-11,324,2,0,2,Mar
813,Dynamic Array Implementation in Python Part 6 | Deletion at a given index position,2020-03-11,510,9,0,5,Mar
814,Dynamic Array Implementation in Python Part 5 | Insertion at given index position,2020-03-11,919,12,0,4,Mar
815,Dynamic Array Implementation in Python Part 4 | Printing the Array,2020-03-11,752,4,0,4,Mar
816,Dynamic Array Implementation Part 3 | Length and Fetching item using index,2020-03-11,712,6,0,0,Mar
817,Dynamic Array implementation in Python Part 2 | Append Operation,2020-03-11,2891,22,0,6,Mar
818,Tail Recursion,2020-03-07,79,2,0,0,Mar
819,Adaboost Step 7 - Preparing data for the next stage,2020-03-06,3903,46,0,0,Mar
820,Adaboost Step 9 - Repeating the steps,2020-03-06,3274,35,0,1,Mar
821,Adaboost Step 10 - Working on a given query point,2020-03-06,2792,80,0,12,Mar
822,Adaboost Step 4 - Calculating the weight,2020-03-06,7811,95,0,10,Mar
823,Adaboost Step 5 - Adjusting the Weights,2020-03-06,5041,56,0,3,Mar
824,Adaboost Step 8 - Assigning new Weights,2020-03-06,3390,31,0,1,Mar
825,Adaboost Step 6 - Normalising the Weights,2020-03-06,3897,39,0,2,Mar
826,Adaboost Step 3 - Choosing the best Decision Stump,2020-03-06,7408,64,0,6,Mar
827,Adaboost Intuition - Part 2,2020-03-06,2975,60,0,2,Mar
828,Adaboost Step 2 - Creating all the decision stumps,2020-03-06,10033,103,0,0,Mar
829,Adaboost Intuition Part 1,2020-03-06,6864,92,0,5,Mar
830,Adaboost Step 1 - Assigning Weights,2020-03-06,8788,84,0,2,Mar
831,Studying types of data with graphs,2020-03-05,11427,326,0,13,Mar
832,Types of Data in Statistics,2020-03-05,68387,1367,0,35,Mar
833,Descriptive Statistics Vs Inferential Statistics,2020-03-05,27677,456,0,11,Mar
834,Role of Mathematics in Machine Learning,2020-03-05,10365,246,0,7,Mar
835,Boosting - Intuition,2020-03-04,3693,119,0,3,Mar
836,Why should we use Ensemble Techniques,2020-03-04,338,15,0,1,Mar
837,Input Output in Java,2020-03-03,30,1,0,0,Mar
838,Check Nth Bit is Set or Not,2020-03-03,39,0,0,0,Mar
839,Count Set Bits,2020-03-03,113,1,0,0,Mar
840,Modular Arithmetic,2020-03-03,46,0,0,0,Mar
841,Permutations and Combinations,2020-03-03,73,3,0,0,Mar
842,LCM and HCF,2020-03-03,61,0,0,0,Mar
843,Counting digits of a number,2020-03-03,109,1,0,0,Mar
844,Bitwise Left Shift Right Shift Unsigned Right Shift,2020-03-03,1089,9,0,3,Mar
845,Mean and Median,2020-03-03,426,7,0,0,Mar
846,Bitwise AND and OR operator,2020-03-03,125,1,0,0,Mar
847,Bitwise XOR Operator,2020-03-03,15,0,0,0,Mar
848,Random Forest Intuition,2020-03-03,512,21,0,1,Mar
849,Analysis of Algorithm - Part 1,2020-03-02,256,4,0,0,Mar
850,Analysis of Algorithms - Part 2,2020-03-02,86,4,0,0,Mar
851,Bagging (Bootstrap Aggregation) - Intuition,2020-03-02,1367,56,0,3,Mar
852,Ensemble Techniques in Machine Learning,2020-03-02,748,27,0,4,Mar
853,Algorithm Complexity - Big O Notation,2020-02-22,284,12,0,2,Feb
854,Binary Search Tree Implementation,2020-02-21,284,6,0,0,Feb
855,Deep Dive - Object Oriented Programming Part 2,2020-02-20,2540,75,0,8,Feb
856,Deep Dive - Object Oriented Programming Part 1,2020-02-20,7520,188,0,20,Feb
857,Dictionary and Recursion,2020-02-19,518,13,0,1,Feb
858,"Lists, Tuples and Mutability",2020-02-18,419,15,0,1,Feb
859,Some important numpy functions,2020-02-14,9260,303,0,5,Feb
860,Entity Relationship Diagram (ERD) using LucidChart,2020-02-13,2445,18,0,1,Feb
861,InfyTQ Day 9 Problem 43 Fundamentals of Python,2020-02-11,666,3,0,0,Feb
862,InfyTQ Day 9 Problem 44 Fundamentals of Python,2020-02-11,938,4,0,2,Feb
863,InfyTQ Day 9 Problem 42 Fundamentals of Python,2020-02-11,619,8,0,0,Feb
864,InfyTQ Day 9 Problem 41 Fundamentals of Python,2020-02-11,842,3,0,1,Feb
865,InfyTQ Day 8 Problem 40 Fundamentals of Python,2020-02-11,632,3,0,0,Feb
866,InfyTQ Day 8 Problem 39 Fundamentals of Python,2020-02-11,360,0,0,0,Feb
867,InfyTQ Day 7 Problem 38 Fundamentals of Python,2020-02-11,603,3,0,0,Feb
868,InfyTQ Day 7 Problem 36 Fundamentals of Python,2020-02-11,376,2,0,0,Feb
869,InfyTQ Day 7 Problem 35 Fundamentals of Python,2020-02-11,538,1,0,0,Feb
870,InfyTQ Day 7 Problem 34 Fundamentals of Python,2020-02-11,457,0,0,0,Feb
871,InfyTQ Day 7 Problem 33 Fundamentals of Python,2020-02-11,374,0,0,0,Feb
872,InfyTQ Day 6 Problem 31 Fundamentals of Python,2020-02-11,416,2,0,0,Feb
873,InfyTQ Day 6 Problem 30 Fundamentals of Python,2020-02-11,328,2,0,0,Feb
874,InfyTQ Day 6 Problem 29 Fundamentals of Python,2020-02-11,287,0,0,0,Feb
875,InfyTQ Day 6 Problem 28 Fundamentals of Python,2020-02-11,353,1,0,0,Feb
876,InfyTQ Day 6 Problem 27 Fundamentals of Python,2020-02-11,357,1,0,1,Feb
877,InfyTQ Day 5 Problem 25 Fundamentals of Python,2020-02-11,388,2,0,0,Feb
878,InfyTQ Day 5 Problem 24 Fundamentals of Python,2020-02-11,380,0,0,0,Feb
879,InfyTQ Day 5 Problem 23 Fundamentals of Python,2020-02-11,391,1,0,0,Feb
880,InfyTQ Day 5 Problem 22 Fundamentals of Python,2020-02-11,422,1,0,0,Feb
881,Session on Git and Github,2020-02-10,3859,124,0,8,Feb
882,SQL Queries in Depth Part 2,2020-02-07,570,6,0,2,Feb
883,InfyTQ Day 4 Problem 21 Fundamentals of Python,2020-02-05,479,6,0,1,Feb
884,InfyTQ Day 4 Problem 20 Fundamentals of Python,2020-02-05,447,1,0,0,Feb
885,InfyTQ Day 4 Problem 19 Fundamentals of Python,2020-02-05,514,1,0,0,Feb
886,InfyTQ Day 4 Problem 18 Fundamentals of Python,2020-02-05,480,2,0,0,Feb
887,InfyTQ Day 3 Problem 17 Fundamentals of Python,2020-02-05,538,6,0,0,Feb
888,InfyTQ Day 3 Problem 16 Fundamentals of Python,2020-02-05,720,8,0,1,Feb
889,InfyTQ Day 3 Problem 15 Fundamentals of Python,2020-02-05,600,4,0,1,Feb
890,InfyTQ Day 3 Problem 14 Fundamentals of Python,2020-02-05,550,1,0,0,Feb
891,InfyTQ Day 3 Problem 13 Fundamentals of Python,2020-02-05,635,3,0,0,Feb
892,InfyTQ Day 3 Problem 12 Fundamentals of Python,2020-02-05,895,4,0,1,Feb
893,InfyTQ Day 3 Problem 11 Fundamentals of Python,2020-02-05,838,9,0,0,Feb
894,InfyTQ Day 2 Problem 10 Fundamentals of Python,2020-02-05,1719,16,0,0,Feb
895,InfyTQ Day 2 Problem 9 Fundamentals of Python,2020-02-05,1400,8,0,1,Feb
896,InfyTQ Day 2 Problem 8  Fundamentals of Python,2020-02-05,35,0,0,0,Feb
897,InfyTQ Day 2 Problem 7 Fundamentals of Python,2020-02-05,1134,7,0,0,Feb
898,InfyTQ Day 1 Problem 6 Fundamentals of Python,2020-02-04,914,5,0,0,Feb
899,InfyTQ Day 1 Problem 5 Fundamentals of Python,2020-02-04,994,3,0,0,Feb
900,InfyTQ Day 1 Problem 4 Fundamentals of Python,2020-02-04,2252,9,0,0,Feb
901,SQL Queries in Depth Part 1,2020-02-04,1749,29,0,0,Feb
902,Postgres on AWS | Database Lecture,2020-01-25,1260,24,0,5,Jan
903,Data Engineer vs Data Analyst Vs Data Scientist Vs ML Engineer,2020-01-22,1103,50,0,2,Jan
904,Hyper-parameter Tuning using GridSearchCV | Decision Trees Part 8,2020-01-15,18955,425,0,29,Jan
905,Deploying a Flask application on AWS Elastic Beanstalk in under 15 mins,2020-01-14,3647,48,0,16,Jan
906,Setting up Postgres on AWS RDS,2020-01-12,428,9,0,1,Jan
907,Overfitting in Decision Trees | Decision Tree Part 6,2020-01-10,11002,261,0,12,Jan
908,Visualizing a Decision Tree | Decision Tree Part 5,2020-01-09,5882,152,0,7,Jan
909,Importance of Soft Skills for Engineering Graduates | My Placement Story,2020-01-08,1307,72,0,2,Jan
910,Handling Numerical values in Decision Trees | Decision Tree Part 4,2020-01-07,8376,205,0,7,Jan
911,CampusX Website Launch,2020-01-06,235,10,0,0,Jan
912,Student Hackathon on Data Analysis and Machine Learning | Hackathons@CampusX,2020-01-03,380,15,0,0,Jan
913,Information Gain | Decision Trees Part 3,2020-01-02,9317,188,0,8,Jan
914,Python for Machine Learning | Part 4,2019-12-24,577,16,0,1,Dec
915,Python for Machine Learning | Part 3,2019-12-22,550,15,0,2,Dec
916,Python for Machine Learning | Part 2,2019-12-22,727,16,0,1,Dec
917,Python for Machine Learning - Part 1,2019-12-21,2021,57,0,6,Dec
918,Insertion Sort | Algorithms in C,2019-12-18,70,0,0,0,Dec
919,Binary Search | Algorithms in C,2019-12-18,82,0,0,0,Dec
920,Linear Search | Algorithms in C,2019-12-13,97,2,0,0,Dec
921,Space and Time Complexity | Algorithms in C,2019-12-13,835,11,0,0,Dec
922,Introduction to Graph Data Structure | Data Structures in C,2019-12-13,173,3,0,1,Dec
923,Constructing a Binary Tree | Data Structures in C,2019-12-09,104,3,0,0,Dec
924,Search operation in Binary Search Tree | Data Structures in C,2019-12-08,113,1,0,0,Dec
925,Deletion in Binary Search Tree | Data Structures in C,2019-12-05,1343,26,0,1,Dec
926,Linked List and Array representation of Binary Trees | Data Structures in C,2019-11-26,353,4,0,0,Nov
927,Introduction to Tree Data Structures | Data Structures in C,2019-11-26,99,0,0,0,Nov
928,Introduction to Dequeue | Data Structures in C,2019-11-22,181,7,0,1,Nov
929,Introduction to Queues | Data Structures in C,2019-11-22,51,0,0,0,Nov
930,Infix to Postfix Conversion | Data Structures in C,2019-11-22,163,3,0,0,Nov
931,Entropy in Decision Trees,2019-11-17,11773,268,0,6,Nov
932,Stack as a Linked List | Data Structures in C,2019-11-17,66,0,0,0,Nov
933,Stack as an array | Data Structures in C,2019-11-17,90,1,0,0,Nov
934,Introduction to Stacks | Data Structures in C,2019-11-17,88,0,0,0,Nov
935,Implementing and Traversing a Doubly Linked List | Data Structures in C,2019-11-15,971,22,0,1,Nov
936,Recursive counting in Linked Lists | Data Structures in C,2019-11-15,155,1,0,0,Nov
937,Adding a node to  Circular Linked List | Data Structures in C,2019-11-15,56,0,0,0,Nov
938,Deletion in Singly Linked List | Data Structures in C,2019-11-14,83,0,0,0,Nov
939,Insertion in Singly Linked List | Data Structures in C,2019-11-13,197,2,0,1,Nov
940,Linked Lists and its types | Data Structures in C,2019-11-13,379,8,0,2,Nov
941,Web Scraping task description,2019-11-12,206,8,0,0,Nov
942,Decision Trees - Introduction and Geometric Intuition,2019-11-11,20702,391,0,19,Nov
943,How to deploy a Machine Learning model,2019-11-06,21112,443,0,8,Nov
944,Creating a Login and Registration system using Flask,2019-11-03,76513,1374,0,130,Nov
945,Basic functions in Matplotlib,2019-10-31,287,4,0,2,Oct
946,Pandas Part 21 - The fillna() method,2019-10-30,9851,255,0,26,Oct
947,Pandas Part 20 - The dropna() method,2019-10-30,14913,290,0,17,Oct
948,Pandas Part 19 - The set_index() and reset_index(),2019-10-30,15196,298,0,16,Oct
949,K Nearest Neighbors Part 10 - Weighted KNN,2019-10-30,17072,335,0,19,Oct
950,Course Road-map for November - HIT Batch 1,2019-10-29,56,3,0,0,Oct
951,K Nearest Neighbors Part 9 - Hyper-parameters,2019-10-29,6596,132,0,6,Oct
952,Pandas Part 18 - The rename function,2019-10-23,5736,126,0,3,Oct
953,Pandas Part 17 - The corr function,2019-10-23,11289,234,0,18,Oct
954,Pandas Part 16 - Applying Pivot Table to IPL Dataset,2019-10-22,7094,154,0,7,Oct
955,Pandas Part 15 - Pandas Pivot Table,2019-10-22,8752,199,0,9,Oct
956,Pandas Part 14 - The merge function,2019-10-22,10140,262,0,20,Oct
957,Pandas Part 13 - The isin() function,2019-10-22,12498,221,0,23,Oct
958,K Nearest Neighbors Part 6 - Building a KNN Classifier from scratch,2019-10-22,7002,142,0,9,Oct
959,Milestone Project: Working with a MySQL database in Python,2019-10-21,517,13,0,5,Oct
960,Tableau Basics Part 10,2019-10-21,650,14,0,0,Oct
961,Tableau Basics Part 11,2019-10-21,809,23,0,5,Oct
962,Tableau Basics Part 9,2019-10-21,615,9,0,0,Oct
963,Tableau Basics Part 8,2019-10-21,714,15,0,0,Oct
964,Tableau Basics Part 7,2019-10-21,649,10,0,0,Oct
965,Tableau Basics Part 6,2019-10-21,769,15,0,0,Oct
966,Tableau Basics Part 5,2019-10-21,902,16,0,0,Oct
967,Tableau Basics Part 4,2019-10-21,962,16,0,0,Oct
968,Tableau Basics Part 3,2019-10-21,1208,18,0,2,Oct
969,Tableau Basics Part 2,2019-10-21,1606,20,0,1,Oct
970,Tableau Basics Part 1,2019-10-21,5974,90,0,6,Oct
971,K Nearest Neighbors Part 5 - Effect of K on Decision Boundary,2019-10-18,4081,121,0,7,Oct
972,Pandas Part 12 - Groupby on IPL Dataset,2019-10-17,15423,376,0,26,Oct
973,Pandas Part 11- The Groupby() function,2019-10-16,22131,401,0,35,Oct
974,K Nearest Neighbors Part 4 - Decision Boundary for Knn,2019-10-16,12367,262,0,25,Oct
975,Pandas Part 10 - The drop_duplicates() method,2019-10-14,13476,343,0,18,Oct
976,Pandas Part 9 - The sort_values() method,2019-10-14,12139,268,0,5,Oct
977,Pandas Part 8 - Series Operations,2019-10-14,12453,263,0,9,Oct
978,K Nearest Neighbors Part 3 - Working with a Real world dataset,2019-10-14,4996,133,0,6,Oct
979,K Nearest Neighbors Part 2 - Working with a Real world dataset,2019-10-14,7919,174,0,20,Oct
980,K Nearest Neighbors Part 1 - Introduction and Geometric Intuition,2019-10-13,13233,293,0,13,Oct
981,Pandas Part 7 - The Plot function,2019-10-11,13274,305,0,8,Oct
982,Dash Part 2 - Installation and Project Setup,2019-10-10,1042,18,0,1,Oct
983,Dash Part 5 - Adding Scatterplot/Boxplot to Dash Dashboard,2019-10-10,1149,17,0,4,Oct
984,Dash Part 4 - Creating a layout using Dash,2019-10-10,937,14,0,2,Oct
985,Dash Part 3 - Creating a basic web page using Dash,2019-10-10,966,15,0,3,Oct
986,Dash Part 1 - Introduction to Dash,2019-10-10,2280,33,0,1,Oct
987,Plotly tutorial for beginners | Graph Objects,2019-10-10,9267,210,0,16,Oct
988,Pandas Part 6 - The value_counts() function,2019-10-10,14364,276,0,7,Oct
989,Pandas Part 5 - Filtering dataframe on a condition | Masking using boolean series,2019-10-10,19706,418,0,14,Oct
990,Pandas Part 4 - Fetching rows and columns using iloc,2019-10-10,19535,394,0,7,Oct
991,Pandas Part 3 - Important functions and attributes,2019-10-09,18280,350,0,9,Oct
992,Pandas Part 2 - Importing data using read_csv(),2019-10-09,20660,275,0,8,Oct
993,Pandas Part 1 - Introduction to Pandas,2019-10-09,40450,549,0,29,Oct
994,Kick-starting Cycle 2 - Supervised Machine Learning,2019-10-09,69,3,0,0,Oct
995,Downloading .ipynb(jupyter notebook) file from Google Colab,2019-10-03,16984,46,0,11,Oct
996,Introduction to Git and Github: Part 2 - Pushing your code to Github using Git,2019-10-03,3232,79,0,3,Oct
997,Git & Github: Part 1- Introduction to Git and Github,2019-10-03,5013,115,0,7,Oct
998,Milestone Project #2: Data Analytics Dashboard | Problem Statement,2019-10-03,247,9,0,1,Oct
999,Numpy Part 12 - Broadcasting,2019-09-30,10947,276,0,14,Sep
1000,Deploying a Dash application on Heroku in under 15 minutes | Step by Step Tutorial,2019-09-30,9340,142,0,15,Sep
1001,Numpy Part 11 - Plotting graphs using Numpy,2019-09-27,8961,190,0,2,Sep
1002,How to submit a task in Google Classroom,2019-09-26,119,2,0,0,Sep
1003,Numpy Part 10 - Indexing with Boolean Arrays,2019-09-26,11190,265,0,5,Sep
1004,Numpy Part 9 - Fancy indexing in Numpy,2019-09-26,11116,177,0,4,Sep
1005,Numpy Part 8 - Reshaping Numpy arrays,2019-09-26,9177,243,0,9,Sep
1006,An Introduction to Machine Learning,2019-09-25,1267,66,0,8,Sep
1007,Numpy Part 7 - Numpy Operations,2019-09-25,11192,262,0,8,Sep
1008,"Numpy Part 6 - Indexing, Slicing and Iteration",2019-09-25,13650,386,0,27,Sep
1009,Numpy Part 5 - Python Lists Vs Numpy Arrays,2019-09-24,12969,298,0,10,Sep
1010,Numpy Part 4 - Some Important Attributes,2019-09-24,15310,525,0,60,Sep
1011,How to use Google Classroom as a student,2019-09-23,81,3,0,1,Sep
1012,Numpy Part 3 - Creating N-d Arrays,2019-09-23,18607,351,0,10,Sep
1013,Numpy Part 2 - Installing Jupyter Notebook,2019-09-23,13531,197,0,4,Sep
1014,Numpy Part 1 - Introduction to Numpy,2019-09-23,34313,544,0,16,Sep
1015,The Data Analysis Process,2019-09-22,20514,361,0,19,Sep
1016,Orientation Program - HIT CampusX Mentorship Program,2019-09-21,189,5,0,1,Sep
1017,Measurement of Asymmetry - Skewness,2019-08-27,844,14,0,1,Aug
1018,Role of Machine Learning in Regulatory Tech Part 3,2019-08-12,75,2,0,0,Aug
1019,Role of Machine Learning in Regulatory Tech Part 2,2019-08-12,71,3,0,0,Aug
1020,Role of Machine Learning in Regulatory Tech Part 4,2019-08-12,67,2,0,0,Aug
1021,Role of Machine Learning in Regulatory Tech Part 1,2019-08-11,353,4,0,0,Aug
1022,How to use CDF in our analysis,2019-08-10,3036,87,0,3,Aug
1023,How to calculate PDF and CDF,2019-08-10,5070,113,0,14,Aug
1024,Cumulative Distribution Function,2019-08-09,3496,70,0,4,Aug
1025,Probability Density Function,2019-08-09,5387,147,0,8,Aug
1026,Descriptive Statistics - Measures of Spread,2019-08-08,5903,165,0,21,Aug
1027,Descriptive Statistics - Measures of Central Tendency,2019-08-08,5980,160,0,11,Aug
1028,Descriptive Statistics - Visualization Techniques,2019-08-06,10292,262,0,21,Aug
